min_subwindows,tol1,fired,episodes,mean_calibration_s,median_exit_s,median_skew,p90_skew,max_skew,worst_high_skew
3,1.30,20,35,13.83,7.00,0.0772,0.1906,0.2716,0.2716
3,1.35,29,35,11.49,8.01,0.0800,0.1942,0.2897,0.2716
3,1.40,32,35,10.58,8.01,0.0778,0.1818,0.2897,0.2716
3,1.45,34,35,9.21,6.02,0.0892,0.1713,0.3731,0.3731
3,1.50,34,35,8.01,6.01,0.0942,0.2653,0.4073,0.4073
3,1.60,34,35,7.95,6.01,0.0942,0.2653,0.4073,0.4073
4,1.30,19,35,15.15,10.01,0.0627,0.1263,0.2716,0.2716
4,1.35,28,35,12.98,11.01,0.0759,0.1371,0.2897,0.2716
4,1.40,32,35,11.73,10.02,0.0658,0.1337,0.2897,0.2716
4,1.45,34,35,10.58,8.01,0.0811,0.1336,0.2897,0.2716
4,1.50,34,35,10.24,8.01,0.0811,0.1305,0.2897,0.2716
4,1.60,34,35,9.84,8.01,0.0845,0.1311,0.2897,0.2716
5,1.30,19,35,16.07,12.01,0.0492,0.1097,0.1425,0.1146
5,1.35,27,35,14.41,12.01,0.0627,0.1284,0.1425,0.1368
5,1.40,31,35,13.50,12.01,0.0689,0.1348,0.1560,0.1368
5,1.45,33,35,12.93,12.01,0.0730,0.1240,0.1425,0.1368
5,1.50,33,35,12.47,10.01,0.0714,0.1237,0.1425,0.1368
5,1.60,33,35,11.78,10.01,0.0759,0.1364,0.2150,0.1368
6,1.30,19,35,16.64,12.04,0.0492,0.0853,0.1425,0.0627
6,1.35,27,35,15.21,12.01,0.0533,0.1066,0.1425,0.0882
6,1.40,31,35,14.36,12.01,0.0534,0.1242,0.1560,0.1231
6,1.45,33,35,13.90,12.01,0.0592,0.1240,0.1425,0.1359
6,1.50,33,35,13.79,12.01,0.0592,0.1245,0.1425,0.1359
6,1.60,33,35,12.98,12.01,0.0834,0.1589,0.2044,0.1699
