run,episode,channels,exit_s,worst_solid_skew,signed_skew,window_decay
20260804_140508,1,8,8.01,0.2897,-0.2897,0.542
20260806_160952,0,4,8.00,0.2716,0.2716,1.479
20260804_111021,0,8,8.01,0.1348,-0.1348,1.713
20260804_134707,0,4,8.01,0.1309,0.1309,1.430
20260804_135853,0,4,8.01,0.1296,-0.1296,1.607
20260804_140508,0,8,12.01,0.1242,-0.1242,1.676
20260804_134033,1,4,8.01,0.1222,0.1222,1.421
20260804_133605,2,4,16.02,0.1168,-0.1168,1.717
20260803_172308,0,4,8.01,0.0996,0.0996,1.270
20260804_110825,0,4,8.01,0.0991,0.0991,1.117
20260803_171733,1,4,8.01,0.0969,0.0969,1.023
20260803_171159,0,4,8.01,0.0931,0.0931,1.572
20260804_111807,0,4,8.01,0.0928,0.0928,1.329
20260803_171100,0,4,14.02,0.0928,-0.0928,1.491
20260804_112355,1,4,8.01,0.0927,0.0927,1.296
20260803_171315,0,4,12.01,0.0856,0.0856,1.667
20260804_140508,2,8,12.01,0.0834,-0.0834,2.543
20260804_110929,0,4,8.01,0.0788,-0.0788,1.204
20260806_171500,1,8,12.00,0.0730,0.0730,1.628
20260806_155848,0,4,10.01,0.0714,-0.0714,1.380
20260804_170145,1,8,12.01,0.0627,0.0627,0.436
20260804_111807,1,4,8.04,0.0606,-0.0606,1.132
20260803_171733,0,4,8.01,0.0559,0.0559,1.238
20260806_171500,0,8,18.00,0.0534,-0.0534,1.147
20260804_111807,2,4,8.01,0.0505,0.0505,1.120
20260804_111504,0,4,8.01,0.0490,0.0490,1.112
20260804_133605,1,4,8.01,0.0481,-0.0481,1.069
20260804_112355,0,4,8.01,0.0468,0.0468,1.324
20260806_161715,0,8,8.01,0.0458,0.0458,1.423
20260803_171315,1,4,16.02,0.0440,-0.0440,1.348
20260804_170145,0,8,16.02,0.0436,-0.0436,1.433
20260804_134033,0,4,12.01,0.0408,-0.0408,1.803
20260803_160302,0,4,8.01,0.0353,0.0353,1.122
20260804_133605,0,4,8.01,0.0308,0.0308,1.440
