run,episode,channels,duration_s,rate_hz,n_subwindows,decay_first_over_last,ceiling_base_ch0,ceiling_base_ch1,ceiling_base_ch2,ceiling_base_ch3
20260803_155449,0,4,8.00,349.5,3,1.202,0.65455,0.26646,0.72603,0.17549
20260803_155449,1,4,7.36,350.0,3,1.330,0.70074,0.31523,0.94540,0.37774
20260803_155718,0,4,8.00,349.4,3,1.060,0.63134,0.31485,0.86067,0.27371
20260803_155916,0,4,8.00,350.4,3,1.152,0.30630,0.21394,0.47669,0.15941
20260803_160302,0,4,20.00,351.5,9,1.122,0.18081,0.10806,0.26083,0.09269
20260803_171100,0,4,20.00,351.2,9,1.491,0.47948,0.19894,0.60342,0.15452
20260803_171159,0,4,20.00,344.4,9,1.572,0.74767,0.37723,0.85038,0.37569
20260803_171315,0,4,20.00,344.2,9,1.667,0.90387,0.36671,1.07234,0.35683
20260803_171315,1,4,20.00,345.5,9,1.348,0.84725,0.33254,0.98926,0.29891
20260803_171733,0,4,20.00,350.9,9,1.238,0.19843,0.10213,0.29965,0.08258
20260803_171733,1,4,20.00,352.0,9,1.023,0.37710,0.21268,0.51649,0.17972
20260803_172308,0,4,20.00,351.5,9,1.270,0.28267,0.15565,0.43615,0.12300
20260804_110825,0,4,20.00,347.8,9,1.117,0.55174,0.27332,0.70334,0.22179
20260804_110929,0,4,20.00,350.8,9,1.204,0.49838,0.26808,0.65284,0.23300
20260804_111021,0,8,20.00,348.8,9,1.713,0.76282,0.32638,0.86780,0.27960
20260804_111504,0,4,20.00,348.5,9,1.112,0.22110,0.10424,0.32814,0.08605
20260804_111807,0,4,20.00,350.8,9,1.329,0.25716,0.11128,0.39732,0.09504
20260804_111807,1,4,20.00,350.1,9,1.132,0.24210,0.09935,0.35867,0.08216
20260804_111807,2,4,20.01,351.7,9,1.120,0.46607,0.18085,0.61924,0.15290
20260804_112355,0,4,20.00,351.1,9,1.324,0.45295,0.21606,0.61574,0.19198
20260804_112355,1,4,20.00,349.3,9,1.296,0.82884,0.43882,0.92234,0.48039
20260804_133605,0,4,20.00,351.5,9,1.440,0.18639,0.08470,0.28736,0.06976
20260804_133605,1,4,20.00,352.1,9,1.069,0.46195,0.16811,0.50353,0.15949
20260804_133605,2,4,20.00,351.4,9,1.717,0.59779,0.28283,0.66783,0.26626
20260804_134033,0,4,20.00,351.5,9,1.803,0.15930,0.09296,0.23363,0.07337
20260804_134033,1,4,20.00,348.6,9,1.421,0.96276,0.55897,1.05711,0.59736
20260804_134707,0,4,20.00,351.5,9,1.430,0.25480,0.11455,0.42336,0.10397
20260804_135853,0,4,20.00,351.4,9,1.607,0.20999,0.09935,0.31514,0.07945
20260804_140508,0,8,20.00,350.8,9,1.676,0.31065,0.13820,0.45346,0.11025
20260804_140508,1,8,20.00,352.1,9,0.542,0.01506,0.00485,0.01626,0.00333
20260804_140508,2,8,20.00,351.3,9,2.543,0.14985,0.05804,0.22791,0.04862
20260804_170145,0,8,20.00,350.7,9,1.433,0.26886,0.12475,0.40291,0.11029
20260804_170145,1,8,20.00,351.4,9,0.436,0.16053,0.06472,0.24856,0.05137
20260804_170145,2,8,16.19,349.1,8,1.441,0.88628,0.50703,0.95953,0.53564
20260806_155848,0,4,20.00,351.0,9,1.380,0.49590,0.21438,0.67357,0.17885
20260806_155848,1,4,6.01,350.4,3,1.042,0.79291,0.44309,0.84616,0.47858
20260806_160952,0,4,20.00,348.2,9,1.479,0.91831,0.54539,1.00957,0.52976
20260806_161715,0,8,20.00,350.7,9,1.423,0.31036,0.17449,0.44362,0.15589
20260806_171500,0,8,20.00,1112.5,9,1.147,0.17634,0.09317,0.26509,0.08034
20260806_171500,1,8,20.00,1112.8,9,1.628,0.09429,0.03920,0.08460,0.03355
20260806_171500,2,8,17.00,1110.3,8,0.121,0.10583,0.04394,0.13806,0.04165
20260806_171500,3,8,20.00,1107.0,9,2.227,0.65956,0.28222,0.82553,0.30017
