t_amp_s,settle_s,err_before_kick,err_after_kick,osc_pole_taus_s,dc_pole_tau_s
delta,19.9,0.3383356672703004,0.2931938165122216,,
0.5,0.5399999999999991,0.29482667242493493,0.02546412892025252,0.06 0.85 5.17,6.75261760846389
2.0,0.5700000000000003,0.1892620374378919,0.015564825184443248,0.09 0.86 5.18,3.392826177404012
5.0,0.7899999999999991,0.14205153977387328,0.011386957411592784,0.12 0.87 5.20,2.1668099296037426
20.0,1.4200000000000017,0.09240631900671936,0.007357755402923471,0.18 0.95 5.29,1.136619787428294
50.0,1.4800000000000004,0.07000481588301109,0.005894939682910114,0.26 1.17 5.48,0.7865446591221074
100.0,1.5700000000000003,0.057908590624991194,0.005345110909237488,0.35 1.49 5.77,0.6328247100140286
300.0,3.6400000000000006,0.04687194148394031,0.00585086844232576,0.58 2.36 6.86,0.5126224334263599
1000.0,7.02,0.048632673498977826,0.01251007650980854,1.04 4.15 9.78,0.4670880284954844
