line,f_hz,a0_rms_v,a1_rms_v,a2_rms_v,a3_rms_v,a4_rms_v,a5_rms_v,a6_rms_v,a7_rms_v
mode A,0.7155,0.03963471672361626,0.022722465874522514,0.056773378908475246,0.019476130560256745,0.00020655468616926945,0.0038081613070736577,0.00025198861488805754,0.00014951161876577778
mode B,0.9949,0.30576685799821374,0.11384683356791901,0.4496728080758366,0.0987600299483013,0.0013866955101722533,0.1278495905332701,0.0003958394569027354,0.0009161404341446702
mode C,1.6396,0.0739206085565138,0.05488572909398254,0.10694920354306951,0.048323389569213206,0.0005105139963040197,0.000606369737834802,0.00023445173202708722,0.00015372200671140494
C - B,0.6446999999999999,0.008850392019787602,0.0006457672211306725,0.0057483210498145264,0.0003922171643055112,0.00020829961132586697,0.00030624064051086174,0.00029745741717990607,0.00022424849533062813
B - A,0.2794,0.006930563944808429,0.0007274451749291239,0.00471987384679284,0.0002568578908453236,0.00020509238969302918,0.0006998177038836211,0.00017708828383771052,0.0004101056429785212
C - A,0.9240999999999999,0.005913786186483313,0.0017348385895933197,0.006897027598428378,0.0014447297863808852,0.0001695861475404662,0.001853089797432339,0.00026293023200995024,0.00011067158019207467
A + B,1.7104,0.016026642122246096,0.0017652556783704092,0.010047688194200531,0.0013925530233184651,0.00020602903981717328,0.0017340329384793176,0.00027667395906151907,0.0001925429478743084
2B,1.9898,0.057275938654506434,0.001405846155661221,0.0420329738797422,0.0018439427635652862,0.00019863962284979224,0.02082226228798911,0.0003222678344366301,0.0005230578353742098
B + C,2.6345,0.022114525283465664,0.0005630084989880371,0.01173271532547861,0.0013197141300982662,0.00024113954510359475,0.0002775280368467496,0.00022684240793787399,0.0001235785616804146
3B,2.9847,0.0017224613493165835,0.0005175867640821739,0.021962088593677046,0.001000785272021242,0.00016470647675774692,0.0010760557727234963,0.00023958444197820134,0.00067449639193434
