f_hz,delta_absL_nonplant,delta_phase_deg,kalman_absL_nonplant,kalman_phase_deg
0.32,0.04363583302871993,126.67301812389394,0.15324079912219124,179.26081101639681
0.7155,0.13252345783594321,95.56262962607818,0.15729367225821236,87.42420000000322
0.9949,0.19046856557575217,80.68998317805844,0.21864747163114714,86.41835999999999
1.6396,0.2971499923695274,54.985176376303755,0.35992943151576673,84.09744000000022
2.79,0.3923521836357154,22.68870318530998,0.1544530857292913,-34.73146838414062
3.75,0.40747827056171004,3.6762429446618587,0.10153591896656597,-54.035869844476316
6.19,0.3570526529913778,-26.312732464547352,0.05544492792892155,-76.26901298456326
10.0,0.263313869289702,-49.08595772471865,0.03220573196404307,-93.07783406011504
20.0,0.14463916897259696,-71.12439835089523,0.013493642245958226,-119.35751053632308
49.9,0.05944532833214836,-89.9565573066804,2.0922848579680625e-05,-179.80485581965002
