mode,ch,f_hz,gamma_1_s,tau_s,Q,r2,env_fall
A,0,0.7154396674928515,0.0025969526210787956,385.0667092973732,865.4836384918668,0.7370971843216727,0.23562071901003148
A,1,0.7154396674928515,0.002606417615679005,383.66837071099496,862.340704713482,0.9348699452595419,0.24413235732257957
A,2,0.7154396674928515,0.002424093415568859,412.5253563156646,927.2002427987373,0.806871661633787,1.9014274340221167
A,3,0.7154396674928515,0.0028193188742403597,354.69560010995247,797.2209259542759,0.930925644189943,1.0981056955002864
A,4,0.7154396674928515,0.003304797424403772,302.59040769508374,680.1082531973245,0.15368155477665135,0.8778929479635705
A,5,0.7154396674928515,0.002600219184087372,384.5829636669576,864.3963621363476,0.48131713245447416,1.665896268405723
A,6,0.7154396674928515,-0.0015019135001380153,inf,inf,0.03900325121547599,0.4485856877057286
A,7,0.7154396674928515,0.002358730206245611,423.95692281895145,952.8940603426627,0.06801013095265618,0.3490194143243128
B,0,0.9949288053475371,0.0020929082564403725,477.804030311775,1493.4534354796945,0.9174857719475435,0.5222220966589421
B,1,0.9949288053475371,0.002043850516384846,489.2725725210059,1529.300210884966,0.9164241385414214,0.5204981601991556
B,2,0.9949288053475371,0.0018704338255776702,534.6353270162643,1671.0888046303128,0.9064295951758976,0.5885424186717978
B,3,0.9949288053475371,0.0021784704829908375,459.03766326321437,1434.7961334015642,0.9232938851769675,0.5480651447181255
B,4,0.9949288053475371,0.0017344914501863855,576.5378664118188,1802.0619388978905,0.3376283646409096,0.5466870344444192
B,5,0.9949288053475371,0.0006664877884897387,1500.4025839183041,4689.749879450064,0.7580643165945414,0.835892130221466
B,6,0.9949288053475371,-0.003816491400518346,inf,inf,0.25622092741516045,1.2385312678517222
B,7,0.9949288053475371,-0.0035497257220232165,inf,inf,0.40648314879684155,1.5569632999834333
C,0,1.639573950431679,0.0018741911086714198,533.563517281267,2748.31816982886,0.6550187054620203,0.7004867165924431
C,1,1.639573950431679,0.0018881915185463844,529.6072936339876,2727.9401623722656,0.9540022294778278,0.5232259650179534
C,2,1.639573950431679,0.0016397624502281524,609.8444319546788,3141.2315100743276,0.892741549729553,0.7187568878842693
C,3,1.639573950431679,0.0020985337574257437,476.5231898040529,2454.5106598675343,0.9584099920192087,0.4801929114159702
C,4,1.639573950431679,-0.00013394016898209514,inf,inf,0.0006913520440960941,1.0613528511082375
C,5,1.639573950431679,0.003080315204096334,324.6421011298316,1672.1903884522947,0.3068593525650456,0.5947609475410994
C,6,1.639573950431679,-0.0017215441970402307,inf,inf,0.0840986002451739,1.0503614773243
C,7,1.639573950431679,0.000652726961118763,1532.0341575687587,7891.314109141207,0.009482040613007059,0.8510752274363227
