Q_true,gamma_true,gamma_fit_mean,gamma_fit_sd,n_rep
30.0,0.10418870085748973,0.0865918832790869,0.03582956711017117,24
60.0,0.052094350428744864,0.05026202743512139,0.025767793791629502,24
100.0,0.031256610257246915,0.031750629507542615,0.019021179001736846,24
200.0,0.015628305128623458,0.016413193244836883,0.015290924193184726,24
300.0,0.010418870085748972,0.011804561124110128,0.012687757093188272,24
500.0,0.006251322051449383,0.008707139309843273,0.005404913904233742,24
1000.0,0.0031256610257246915,0.006674835184048239,0.0052470723075371106,24
2334.0,0.0013391863863430557,0.005870373650017267,0.005816961747631769,24
1000000000.0,3.1256610257246918e-09,0.005791408816285803,0.007188370939556991,24
