ch,n_avg,df_hz,f0_hz,gamma_1_s,fwhm_hz,Q,r2
0,33,0.06259075659708808,0.712,0.003000000000000001,0.0009549296585513724,745.6046564519773,0.29214400913138217
0,33,0.06259075659708808,0.9815,0.06449472098322875,0.02052930729562688,47.80969887907896,0.7948418805352327
0,33,0.06259075659708808,1.6524999999999999,0.04708336123900187,0.014987099357136987,110.26149627900244,0.9644987673010993
1,43,0.06259075659708808,0.7194999999999999,0.003000000000000001,0.0009549296585513724,753.4586380859517,0.44681315804793575
1,43,0.06259075659708808,0.929,1.5,0.477464829275686,1.9456930501232785,0.5498307500345865
1,43,0.06259075659708808,1.6524999999999999,0.09557516459280295,0.030422519763532167,54.31831461839894,0.9960737224885229
2,25,0.06259075659708808,0.7144999999999999,0.003000000000000001,0.0009549296585513724,748.2226503299688,0.20623254013851067
2,25,0.06259075659708808,0.9815,0.07548358578699525,0.02402717160060286,40.849585474112715,0.8273446905353161
2,25,0.06259075659708808,1.6524999999999999,0.08834477669489144,0.028121015814683296,58.763880042240594,0.995199762929875
3,41,0.06259075659708808,0.7194999999999999,0.003000000000000001,0.0009549296585513724,753.4586380859517,0.3554225736789588
3,41,0.06259075659708808,1.004,0.16576555632151985,0.05276481536589573,19.027831198456735,0.6038512259713453
3,41,0.06259075659708808,1.65,0.14163348484470148,0.04508333844073057,36.5988867964868,0.995217623204377
