key,ch,gamma_1_s,f_hz,r2
20260803_171100_fast_lock.csv#0,0,0.06236512642399624,0.9814328132929564,0.6501114242725312
20260803_171100_fast_lock.csv#0,0,0.09349408445001965,1.0060333247647635,0.6253202914126019
20260803_171100_fast_lock.csv#0,0,0.11203397789962909,0.7155950904960262,0.44547893992724785
20260803_171100_fast_lock.csv#0,0,0.12723117836971654,0.9919127294420624,0.5182246883199928
20260803_171159_fast_lock.csv#0,1,-0.01227641720763467,0.8215248378117946,0.504712919068302
20260803_171159_fast_lock.csv#0,1,-0.06225233606398139,0.8053485060495525,0.5052782535649447
20260803_171159_fast_lock.csv#0,1,0.03518206112156533,0.78674829886504,0.5046540149603256
20260803_171159_fast_lock.csv#0,1,0.09236350337262733,0.7829291976024221,0.4624478240070704
20260803_171159_fast_lock.csv#0,1,0.03649327914947945,0.7839097524049816,0.4984748805271849
20260803_171159_fast_lock.csv#0,1,-0.00734937233196403,1.6357010408650074,0.4227395043816793
20260803_171159_fast_lock.csv#0,1,-0.03338280799159996,1.648574860747959,0.44111843435938747
20260803_171159_fast_lock.csv#0,1,-0.019016641251097782,1.6404934540370513,0.49535602541854207
20260803_171159_fast_lock.csv#0,1,0.005302189961466497,1.6406992437553964,0.48304638554699864
20260803_171159_fast_lock.csv#0,1,0.016626503269052392,1.6412486911029394,0.49108130216663204
20260803_171159_fast_lock.csv#0,1,-0.04701673787813166,1.63412056724836,0.5169233691804126
20260803_171159_fast_lock.csv#0,1,-0.020661478856779096,0.7054353176729518,0.4136217442772743
20260803_171159_fast_lock.csv#0,1,0.05335266290713952,0.7034955940354432,0.41255883206700783
20260803_171159_fast_lock.csv#0,3,0.08048788223861457,1.6387087248143428,0.5953399644018325
20260803_171159_fast_lock.csv#0,3,0.04810781019537919,1.6423365751850758,0.5812299689575057
20260803_171159_fast_lock.csv#0,3,0.07104069137785197,1.6315929538610243,0.5465022656916949
20260803_171159_fast_lock.csv#0,3,0.02950262321731578,1.6311681491325924,0.5283438699534764
20260803_171159_fast_lock.csv#0,3,0.0730859450152632,1.6468426030517191,0.5440711059980392
20260803_171159_fast_lock.csv#0,3,0.011832735609407782,1.6390355688461165,0.5771794872265317
20260803_171159_fast_lock.csv#0,3,0.006759359562039889,1.64158720205331,0.5214857792077778
20260803_171159_fast_lock.csv#0,3,0.00890124477769254,0.7580358181542061,0.2957087143182776
20260803_171159_fast_lock.csv#0,3,-0.04184860251564991,1.6394042507323094,0.540153884632563
20260803_171159_fast_lock.csv#0,3,0.04513916884677173,1.646270829388141,0.5561764037070047
20260803_171159_fast_lock.csv#0,3,-0.02512574464895892,0.7037095782136826,0.32820554328080076
20260803_171159_fast_lock.csv#0,3,0.017064446114116148,1.6481635285650176,0.5381976219701642
20260803_171159_fast_lock.csv#0,3,0.05718101783835111,1.6426208279720849,0.5764025717199717
20260803_171159_fast_lock.csv#0,3,-0.005302736000480263,1.6372991589362522,0.5385533339618306
20260803_171315_fast_lock.csv#0,1,0.09679390484919505,1.6200071870549917,0.26604727387840654
20260803_171315_fast_lock.csv#0,1,-0.01033641644542345,0.9822709117618976,0.590300890537222
20260803_171315_fast_lock.csv#0,1,0.08829115273856591,0.9992186614748457,0.6359434632999128
20260803_171315_fast_lock.csv#0,1,-0.13830838588142153,1.654713292751748,0.17141169348723773
20260803_171315_fast_lock.csv#0,1,-0.02924576728715738,1.6146633792923148,0.11349509468686958
20260803_171315_fast_lock.csv#0,1,0.07024421646200651,0.9830103141159737,0.6507223364896928
20260803_171315_fast_lock.csv#0,1,-0.003887536671749994,1.0143882487178417,0.6212802001962265
20260803_171315_fast_lock.csv#0,3,-0.10021980255986085,1.6300851812603163,0.10537512362503298
20260803_171315_fast_lock.csv#0,3,0.022029433875970512,1.6621822514905835,0.07202822991926172
20260803_171315_fast_lock.csv#0,3,0.28719231108028803,1.6242428036282215,0.15294188709801715
20260803_171315_fast_lock.csv#0,3,-0.3,1.6514673819473644,0.11643761451679246
20260803_171315_fast_lock.csv#0,3,0.24048151367665938,1.6475962572573617,0.1590612680567428
20260803_171315_fast_lock.csv#0,3,-0.06498212349993698,1.6266232028234422,0.1699708569878452
20260803_171315_fast_lock.csv#0,3,0.05729540737773435,0.9960929411140661,0.5288148446655279
20260803_171315_fast_lock.csv#0,3,0.08327985340412233,1.6490704939005787,0.22793520372215037
20260803_171315_fast_lock.csv#0,3,-0.031519835733244024,0.9857658947777985,0.6203210282717022
20260803_171315_fast_lock.csv#0,3,0.3327657573538439,0.7191553544048233,0.3447896181798875
20260803_171315_fast_lock.csv#0,3,0.07533827403117238,1.0131306027921483,0.5935544950757343
20260803_171315_fast_lock.csv#0,3,0.09614267707445376,0.9835096073340794,0.6685576257156451
20260803_171315_fast_lock.csv#0,3,0.09016919264702422,0.9997893497653195,0.6683298147623689
20260804_110825_fast_lock.csv#0,0,0.0015861402178940379,0.7128855371678633,0.8988792082407614
20260804_110825_fast_lock.csv#0,0,0.01169280423563435,0.7145012425492834,0.8777987147170951
20260804_110825_fast_lock.csv#0,0,0.00771406109681601,0.7040550802838765,0.8850287967347453
20260804_110825_fast_lock.csv#0,0,0.01006219500951883,0.6977077285694568,0.8862726500813743
20260804_110825_fast_lock.csv#0,0,0.0004866017088874303,0.7004430254564163,0.8883740364429779
20260804_110825_fast_lock.csv#0,0,0.018413569226434747,0.6929940880989532,0.8755454262669747
20260804_110825_fast_lock.csv#0,0,0.037799600743779485,0.6951724145977835,0.8797676595835334
20260804_110825_fast_lock.csv#0,0,0.03644642653078071,0.6982795307713264,0.882313009566544
20260804_110825_fast_lock.csv#0,2,0.005901863119356881,0.7167439167708437,0.9559660150909598
20260804_110825_fast_lock.csv#0,2,0.006588923125638511,0.7045930916197818,0.9532271255718894
20260804_110825_fast_lock.csv#0,2,0.0069167689323366135,0.7074166433619409,0.9605546597629012
20260804_110825_fast_lock.csv#0,2,0.018150502340054633,0.6967179484274258,0.9670390480623671
20260804_110825_fast_lock.csv#0,2,-0.0015764938872147203,0.7037089481440154,0.9676349887477899
20260804_110825_fast_lock.csv#0,2,0.02373365261513547,0.6995519299334059,0.968331605672436
20260804_110825_fast_lock.csv#0,2,0.0040790908903394684,0.6964513716620682,0.9714660536683613
20260804_110825_fast_lock.csv#0,2,0.015469936338672698,0.7019635164244714,0.9729906035681802
20260804_110825_fast_lock.csv#0,2,0.020620653466188726,0.697601968320806,0.9703259971567442
20260804_110825_fast_lock.csv#0,3,-0.3,1.4599585152662127,0.032125889984861544
20260804_110825_fast_lock.csv#0,3,0.009059222221774738,0.7048446737010364,0.964459926097163
20260804_110825_fast_lock.csv#0,3,0.019464843578912202,0.6986402744218738,0.9659640165615503
20260804_110825_fast_lock.csv#0,3,0.022611158855784543,0.6999574244452472,0.9644437002623837
20260804_111021_fast_lock.csv#0,1,0.04820756784048748,1.654459126248991,0.27661435345803675
20260804_111021_fast_lock.csv#0,1,0.03781227549144117,0.7312244921198026,0.4527887664800826
20260804_111021_fast_lock.csv#0,1,-0.06182100850405031,1.6236667311733581,0.2830777434539151
20260804_111021_fast_lock.csv#0,1,0.04045198542664369,0.989148516222327,0.4951268191472049
20260804_111021_fast_lock.csv#0,1,0.048174437771873295,1.645181488558567,0.29932310535298523
20260804_111021_fast_lock.csv#0,1,0.19105227389070906,0.9917383233070858,0.4333895503716073
20260804_111021_fast_lock.csv#0,3,0.1348090506442286,0.9896117555296662,0.4678451830487129
20260804_111021_fast_lock.csv#0,3,-0.10964001023749687,1.6328053813511647,0.2266296672035667
20260804_111021_fast_lock.csv#0,3,-0.015892579182395995,0.9793949458927889,0.4141076386846697
20260804_111021_fast_lock.csv#0,3,0.10858373585890704,0.7009304137815352,0.2954142354407211
20260804_111021_fast_lock.csv#0,3,-0.03238894661510925,0.9743649910663194,0.4337578669944523
20260804_111021_fast_lock.csv#0,3,0.10505314298063852,0.9951696524049917,0.42587047833372504
20260804_111021_fast_lock.csv#0,3,-0.05651614613078286,1.6495159568408884,0.3655027905698257
20260804_111021_fast_lock.csv#0,3,0.005059042355319517,0.7300908866497359,0.36361388907935377
20260804_111021_fast_lock.csv#0,3,0.17844712821752842,0.7123303815385095,0.33999023058720956
20260804_111021_fast_lock.csv#0,4,3.0,0.45,0.3685272507768885
20260804_111021_fast_lock.csv#0,4,2.3942409777640172,0.45,0.6573769933345748
20260804_111021_fast_lock.csv#0,4,1.2892714516435029,0.45,0.06283214007816407
20260804_111021_fast_lock.csv#0,4,-0.3,1.7061368413412528,0.12966033205869087
20260804_111021_fast_lock.csv#0,4,0.07151691041733747,1.722029275067172,0.08653503423496345
20260804_111021_fast_lock.csv#0,4,0.26388107769273866,1.8453155644671013,0.11287713710642966
20260804_111021_fast_lock.csv#0,4,0.954712324840133,1.7000033121066598,0.35783738975115775
20260804_111021_fast_lock.csv#0,4,3.0,0.45,0.6936293781357923
20260804_111021_fast_lock.csv#0,4,-0.3,1.5627703932471328,0.07104508876903093
20260804_111021_fast_lock.csv#0,6,3.0,0.45,0.3610030987370241
20260804_111021_fast_lock.csv#0,6,2.5482774783896223,0.45,0.6215834377089393
20260804_111021_fast_lock.csv#0,6,-0.3,1.378483202382316,0.20338839523371088
20260804_111021_fast_lock.csv#0,6,-0.3,1.0025743278976371,0.09471993017861169
20260804_111021_fast_lock.csv#0,6,-0.3,1.7590406447788478,0.13061667472341154
20260804_111021_fast_lock.csv#0,6,-0.08163374241561648,1.643800962043005,0.09083684786203361
20260804_111021_fast_lock.csv#0,6,0.11191768801903385,1.6266807672061168,0.09374143415734171
20260804_111021_fast_lock.csv#0,6,0.3021397609924419,1.7549821460169122,0.12450184097024031
20260804_111021_fast_lock.csv#0,6,0.9638164981216633,1.695767202861868,0.3461652246862169
20260804_111021_fast_lock.csv#0,6,3.0,1.9441501705546855,0.6751074860940021
20260804_111021_fast_lock.csv#0,6,-0.3,1.573486298527834,0.19985323943683397
20260804_140508_fast_lock.csv#0,4,0.4565539125311605,0.980922056859858,0.17086989146378295
20260804_140508_fast_lock.csv#0,4,3.0,0.45,0.737162276541516
20260804_140508_fast_lock.csv#0,6,0.3064357417961043,1.0327911982491758,0.09837716273718611
20260804_140508_fast_lock.csv#0,6,3.0,0.45,0.7324453928698598
20260804_170145_fast_lock.csv#0,7,-0.03974597429384184,0.733165505208461,0.1811575622589796
20260804_170145_fast_lock.csv#0,7,-0.04788433560241659,0.755730250055836,0.3553193555405547
20260804_170145_fast_lock.csv#0,7,-0.08645672297494962,1.4594817690972302,0.13588609301340226
20260806_155848_fast_lock.csv#0,0,0.10759992479641282,0.9806713452320175,0.5066389409471037
20260806_155848_fast_lock.csv#0,0,0.17444718270655357,0.9994095948493085,0.462853434749974
20260806_155848_fast_lock.csv#0,0,0.09180038615709292,0.9739791779634632,0.5089108869358401
20260806_155848_fast_lock.csv#0,0,0.16204511066386276,0.6951144507455118,0.4801789937286647
20260806_155848_fast_lock.csv#0,3,0.21402877433160178,0.981842753716692,0.39111913332546655
20260806_160952_fast_lock.csv#0,1,-0.008915777090532456,1.6618480580057966,0.7404554664483177
20260806_160952_fast_lock.csv#0,1,0.051711657609412945,1.6534771903334473,0.8054509690818445
20260806_160952_fast_lock.csv#0,1,0.03463561317659092,1.6596959444946957,0.7920258147891918
20260806_160952_fast_lock.csv#0,1,0.08356713671106795,1.6680969633854994,0.7775200015622604
20260806_160952_fast_lock.csv#0,1,0.05943768164852018,1.6595649812523414,0.6995465125636257
20260806_160952_fast_lock.csv#0,1,0.023112187553583848,1.6448943804296414,0.6534346064762854
20260806_160952_fast_lock.csv#0,1,-0.005212400308437266,1.6379638231578015,0.6834907725211871
20260806_160952_fast_lock.csv#0,1,-0.030814462506767178,1.639385613324152,0.68276001489842
20260806_160952_fast_lock.csv#0,1,0.007796746599837228,1.640662267679984,0.708612240496185
20260806_160952_fast_lock.csv#0,1,-0.0023058397720828513,1.6371632947248247,0.741843358582676
20260806_160952_fast_lock.csv#0,1,-0.01705255873796442,1.629497976564121,0.7763006664843253
20260806_160952_fast_lock.csv#0,1,-0.03502830399617084,1.63517268116168,0.7962105390904283
20260806_160952_fast_lock.csv#0,1,-0.000193042405684754,1.640925445060598,0.8369819466020625
20260806_160952_fast_lock.csv#0,1,0.036695161706301445,1.6386833760752788,0.8365033033105342
20260806_184723_fast_lock.csv#0,5,-0.006321893766056144,0.9929928707776859,0.8842886353051312
20260806_184723_fast_lock.csv#0,5,-0.006518777239299432,0.9916465398434846,0.8833718743376733
20260806_184723_fast_lock.csv#0,5,-0.0074908437844569105,0.9917049239740522,0.8836155201282337
20260806_184723_fast_lock.csv#0,5,-0.006449916757699303,0.9924853807485914,0.8842485450985228
20260806_184723_fast_lock.csv#0,5,-0.00376396451260382,0.9926498010925578,0.8832047193706442
20260806_184723_fast_lock.csv#0,5,0.0010512207272324668,0.9926071339358924,0.8818846234495384
20260806_184723_fast_lock.csv#0,5,0.007782313374385082,0.9931098273006621,0.8828137645260918
20260806_184723_fast_lock.csv#0,5,0.017101937654630806,0.9931331118226161,0.8842904218951214
20260806_184723_fast_lock.csv#0,5,0.02311847253133075,0.9923912803406852,0.8844178874486757
20260806_184723_fast_lock.csv#0,5,0.021041595465257208,0.9925542921502521,0.8852939376812607
20260806_184723_fast_lock.csv#0,5,0.015725022865664077,0.9941438250521383,0.8865806604425531
20260806_184723_fast_lock.csv#0,5,0.011159689407250548,0.9964468560572999,0.8860330463833028
20260806_184723_fast_lock.csv#0,5,0.010918990025170567,0.9977992041189696,0.8861318020272119
20260806_184723_fast_lock.csv#0,5,0.013431980880096752,0.9981839234163958,0.886254592226887
20260806_184723_fast_lock.csv#0,7,-0.0654890434354285,1.9903900430156223,0.40370111267000486
20260806_184723_fast_lock.csv#0,7,-0.0688266340071824,1.9910940976055687,0.4099577965509381
20260806_184723_fast_lock.csv#0,7,-0.07999777130759864,1.9864629072168367,0.41229616893575227
20260806_184723_fast_lock.csv#0,7,-0.07645045477778535,0.9792360369932833,0.3192536074090707
20260806_184723_fast_lock.csv#0,7,-0.02807848797911571,0.9817083057349768,0.3051773090202029
20260806_184723_fast_lock.csv#0,7,0.04001063964269353,0.9870531853103852,0.30767912187269786
20260806_184723_fast_lock.csv#0,7,0.062458054599902356,1.9905381605002508,0.3932615430176155
20260806_184723_fast_lock.csv#0,7,0.08953789070641205,0.9895087709083855,0.32383864143004604
20260806_184723_fast_lock.csv#0,7,0.11277972471663852,1.9891566542882342,0.4132057547124507
20260806_184723_fast_lock.csv#0,7,0.08544182996168195,1.9929210483806847,0.40352593801562386
20260806_184723_fast_lock.csv#0,7,0.009628848995243019,0.998616106225068,0.3092897755335653
20260806_184723_fast_lock.csv#0,7,0.061394834953371134,1.989097083739059,0.41665580227065735
20260806_184723_fast_lock.csv#0,7,0.0476514759712717,1.002063373450313,0.31610240295713166
20260806_184723_fast_lock.csv#0,7,0.027618034724862815,1.9915820019868709,0.4085629316245597
20260806_185116_fast_lock.csv#0,5,0.021317223310627846,0.9937285854901614,0.9117423678432574
20260806_185116_fast_lock.csv#0,5,0.00966080427354222,0.997133730570796,0.9106812468059424
20260806_185116_fast_lock.csv#0,5,0.0011083948671434583,0.9971730515295462,0.9092787822145364
20260806_185116_fast_lock.csv#0,5,0.011779174519601962,0.9956949117404573,0.9109086812643279
20260806_185116_fast_lock.csv#0,5,0.07453843852782317,1.9676871866720322,0.0915150885664251
20260806_185116_fast_lock.csv#0,5,0.004276759032663625,0.9985521897588747,0.9111580853068534
20260806_185116_fast_lock.csv#0,5,-0.007957100499113995,0.9946297627285878,0.9105495111743018
20260806_185116_fast_lock.csv#0,5,-0.13792424830797653,1.9600860777918583,0.08976060894814752
20260806_185116_fast_lock.csv#0,5,-0.02176665529951617,0.9977414651852669,0.9110352812070848
20260806_185116_fast_lock.csv#0,5,-0.021835621144276594,0.9961834078630076,0.9134348711055059
20260806_185116_fast_lock.csv#0,5,-0.01083951094407108,0.9929820418966345,0.909501302357758
20260806_185116_fast_lock.csv#0,5,-0.005859657855534148,0.9938283670744308,0.9076500838003997
20260806_185116_fast_lock.csv#0,5,-0.005044861370551856,0.993708406490168,0.9167103109190341
20260806_185116_fast_lock.csv#0,5,-0.006781693956921376,0.99167908451829,0.912132787848746
20260806_185116_fast_lock.csv#0,7,0.3238247916128312,1.9747461023957757,0.2190518296034173
20260806_185116_fast_lock.csv#0,7,0.17118209617737376,1.9659765564144356,0.20269456377889794
20260806_185116_fast_lock.csv#0,7,0.14289885543613434,1.9754072379025225,0.22412066638162065
