half,gamma_1_s,f_hz,rms_counts
early,-0.015678857742503518,1.6378532945505424,107.64000811221278
early,-0.004468138573486698,1.6396577920296451,142.0790828228377
early,0.01911076839327337,1.6394258317805448,97.97946260058232
early,0.06774542142195783,1.6384960793045436,94.38278091045345
early,0.016532836968641117,0.7531218075451106,52.66551464911141
early,0.013164035276171522,0.99196488546056,76.4413743974455
early,-0.04406084389511489,1.6464758728996272,125.77577297676102
early,0.01820245828755245,0.9566110225642469,107.39595333944942
early,0.07703842844073523,0.26065709738360054,8.829794381174825
early,1.386077190041258,0.6470148764481557,0.919629659182905
early,-0.030491685045384506,1.6322671494563605,141.95361647057447
early,0.015902692071668542,1.6590285294331388,139.6595770668232
early,-0.22135146443435627,0.9770800023389877,46.43931187877783
early,0.3291923137822241,3.7499071534200175,4.724367887595598
early,0.04134248845494019,0.8379436437457851,92.29517985634465
early,0.011782079248037423,1.6703654702851336,99.26308956196023
early,0.0015792914669641818,0.9945859773868833,72.36923234904714
early,-0.0001222472360751044,0.996427508979159,3.892275524633368
early,0.004625513703990199,0.9943080754245116,57.95700486760476
early,-0.0010335814438780946,1.6421425600425308,97.36698349418837
late,-0.05477844471446042,1.637147016619885,88.38438052345745
late,-0.001636148947052876,0.8157688369983653,108.24586564028492
late,-0.009528865261880971,1.6351835203144311,88.62760945089772
late,-0.0030854013718654067,0.696026406148861,82.78708229613984
late,0.00262575580014989,0.9905803455420994,89.35849033470087
late,0.0006649534806080662,0.7075659811214657,42.17882065189148
late,0.0020160543240412723,0.7224829984809914,77.29080417902685
late,0.011514570656715871,1.6397186482582313,105.81405670580422
late,0.010236904895102985,1.6396191672061655,109.48609576254148
late,-0.014947571686682785,0.7255752086326127,64.45481742616052
late,-0.003006174473779688,1.6331528872844496,125.23520558355844
late,0.0047666391046919014,0.9965589761585476,45.9926533363135
late,0.003326113738383673,1.995498941929422,1.1339091501515373
late,0.06591051290637373,1.6466721816917713,84.66493263698416
late,-0.03283608581683514,1.6413147831331316,85.17409693498428
late,0.0015697621479664704,0.994324615775235,72.4579283447789
late,-0.010519621280847697,1.988829093259897,3.942539211143875
late,-0.0009416240396691559,0.9938171554288846,56.91159660812383
late,0.008673778772588363,1.6423920979586555,93.92858820076557
late,-0.00402998597352077,1.6414910248434231,100.85530902235264
