f_hz,mag_ch0,mag_ch1,mag_ch2,mag_ch3,phase_deg_ch0,phase_deg_ch1,phase_deg_ch2,phase_deg_ch3,ok_ch0,ok_ch1,ok_ch2,ok_ch3
0.3,1.0894262427803245,0.6232944862907545,1.4539382544381731,0.3436172951411006,-170.26638925102912,-169.80829424384783,10.601593625441097,-173.21731663914832,True,True,True,True
0.3797,4.2466567892362574,4.566511090861503,7.1047885701909355,5.054396933371058,-32.1740343465811,-21.01048463171135,-2.64781117884906,-19.48345113090856,True,True,True,True
0.4805,3.059838712510599,3.390922464886447,5.774691451025117,3.8743092391225558,-24.898156141074136,-17.79247866371917,-7.474959766219101,-25.124461517246296,True,True,True,True
0.608,0.9272245053052481,0.8423952351534054,5.620916004902736,0.8643578535654959,-132.36111247663385,103.3600768166348,50.626435892284434,103.86909116832265,True,True,True,True
0.7695,4.892230286483894,4.317723833931424,1.2838866717106254,3.24902390175397,-0.24185731669893415,13.139087110516108,89.36889166060232,23.951303970694248,True,True,True,True
0.9738,12.520030988221645,1.494938234685648,21.929169529449922,4.373231599909796,-177.22753634803206,0.3803173554699383,-15.449496746921854,115.54427527482433,True,True,False,True
1.2323,2.2469703920837856,1.4689835239715034,1.71917946788795,1.5535414446001015,-22.133454998030615,-20.594773647259153,-9.453466575398739,-32.136129306836054,True,True,False,True
1.5595,1.0812145568083045,1.2512939453284702,2.8208567851723703,1.141824761211515,-115.86861644047758,-137.85019782272494,62.355927033747435,-128.2679177870701,True,True,False,True
1.9736,3.5718674957047685,0.5882965187312605,1.0963936692653906,1.860443185816512,150.9522779030606,14.918839004768444,-11.511404088036365,21.5309621115519,True,True,False,True
2.4976,0.3814709778045372,0.26923946830461165,0.6650665062254566,0.7554395124386921,42.62103078233438,24.125038571396324,-114.09947191251764,51.484570930335344,True,True,False,True
3.1608,0.729207763734999,0.6018977932701282,0.29856237341397784,0.6048670435743921,69.6775906291528,59.94451593570415,104.72783128216156,60.12895783566251,True,True,True,True
4.0,0.3660723007046066,0.1358845289740105,0.23571025487696518,0.6426372514568334,17.601403984196907,53.653848576370166,-119.19510464170774,79.89112622960072,True,True,True,True
