p_latch_per_fault,lambda_per_h,uptime_pct,pct_of_shifts_latched
0.0,1.0,99.63,0.0
0.0,2.0,99.27,0.0
0.0,5.0,98.21,0.0
0.0,10.0,96.49,0.0
0.0,20.0,93.22,0.0
0.0,50.0,84.65,0.0
0.0,100.0,73.39,0.0
0.1,1.0,38.54,90.3
0.1,2.0,20.91,99.4
0.1,5.0,8.52,100.0
0.1,10.0,4.17,100.0
0.1,20.0,2.14,100.0
0.1,50.0,0.82,100.0
0.1,100.0,0.41,100.0
0.25,1.0,16.72,99.7
0.25,2.0,8.43,100.0
0.25,5.0,3.31,100.0
0.25,10.0,1.67,100.0
0.25,20.0,0.83,100.0
0.25,50.0,0.33,100.0
0.25,100.0,0.17,100.0
0.5,1.0,8.25,100.0
0.5,2.0,4.40,100.0
0.5,5.0,1.68,100.0
0.5,10.0,0.84,100.0
0.5,20.0,0.43,100.0
0.5,50.0,0.17,100.0
0.5,100.0,0.08,100.0
