tol,fired,episodes,mean_calibration_s,median_exit_s,median_skew,p90_skew,max_skew,worst_high_skew
1.20,10,35,16.98,8.01,0.0575,0.1092,0.1270,0.1270
1.25,14,35,15.83,7.00,0.0656,0.1211,0.2716,0.2716
1.30,20,35,13.83,7.00,0.0772,0.1906,0.2716,0.2716
1.35,29,35,11.49,8.01,0.0800,0.1942,0.2897,0.2716
1.40,32,35,10.52,8.01,0.0778,0.1818,0.2897,0.2716
1.45,34,35,9.21,6.02,0.0892,0.1713,0.3731,0.3731
1.50,34,35,8.01,6.01,0.0942,0.2653,0.4073,0.4073
1.60,34,35,7.95,6.01,0.0942,0.2653,0.4073,0.4073
1.80,34,35,7.21,6.01,0.0966,0.2653,0.4073,0.4073
