k,worst_solid_skew
3,0.03515
4,0.03531
5,0.00896
6,0.05332
7,0.05332
8,0.05750
9,0.05750
3,0.08907
4,0.20049
5,0.29937
6,0.16061
7,0.09275
8,0.09275
9,0.09275
3,0.22284
4,0.09313
5,0.14248
6,0.14248
7,0.11891
8,0.16943
9,0.16943
3,0.49629
4,0.49629
5,0.12789
6,0.08563
7,0.12086
8,0.14409
9,0.17657
3,0.09584
4,0.10331
5,0.12692
6,0.23960
7,0.04404
8,0.04404
9,0.04404
3,0.05586
4,0.05586
5,0.05586
6,0.16992
7,0.08584
8,0.12459
9,0.12307
3,0.05814
4,0.09691
5,0.07498
6,0.13588
7,0.15602
8,0.06538
9,0.06538
3,0.09960
4,0.09960
5,0.09960
6,0.14932
7,0.12216
8,0.08825
9,0.08825
3,0.10718
4,0.09907
5,0.07443
6,0.09444
7,0.04089
8,0.04089
9,0.04089
3,0.07997
4,0.07883
5,0.11464
6,0.09481
7,0.07754
8,0.06855
9,0.06941
3,0.14688
4,0.13477
5,0.13477
6,0.13477
7,0.12841
8,0.17677
9,0.33031
3,0.04899
4,0.04899
5,0.09104
6,0.20437
7,0.15255
8,0.02843
9,0.02843
3,0.09282
4,0.09282
5,0.14598
6,0.16305
7,0.06706
8,0.03317
9,0.03317
3,0.02603
4,0.06065
5,0.03917
6,0.03917
7,0.03375
8,0.02333
9,0.06506
3,0.05684
4,0.05053
5,0.04544
6,0.04544
7,0.03787
8,0.03787
9,0.02733
3,0.07555
4,0.04682
5,0.12160
6,0.04336
7,0.02726
8,0.06487
9,0.12533
3,0.18700
4,0.09270
5,0.04919
6,0.04919
7,0.06232
8,0.06890
9,0.08444
3,0.07879
4,0.03079
5,0.03079
6,0.10569
7,0.18693
8,0.10569
9,0.05921
3,0.09729
4,0.04808
5,0.04808
6,0.04709
7,0.04994
8,0.04994
9,0.06774
3,0.40734
4,0.28560
5,0.16676
6,0.32741
7,0.32741
8,0.11677
9,0.11089
3,0.28346
4,0.17984
5,0.05166
6,0.04081
7,0.04081
8,0.07966
9,0.18484
3,0.12704
4,0.12221
5,0.10845
6,0.03147
7,0.03295
8,0.08999
9,0.13541
3,0.13088
4,0.13088
5,0.14029
6,0.20093
7,0.03344
8,0.03344
9,0.03344
3,0.11466
4,0.12961
5,0.08907
6,0.08907
7,0.10162
8,0.08850
9,0.20765
3,0.11602
4,0.13206
5,0.07585
6,0.12422
7,0.03635
8,0.03635
9,0.06467
3,0.31377
4,0.28970
5,0.25654
6,0.10326
7,0.04229
8,0.24062
9,0.47065
3,0.47022
4,0.47022
5,0.12434
6,0.08339
7,0.12070
8,0.08339
9,0.08425
3,0.18402
4,0.26012
5,0.24853
6,0.21877
7,0.07586
8,0.04363
9,0.04363
3,0.71182
4,0.27714
5,0.27714
6,0.06268
7,0.06268
8,0.09998
9,0.09998
3,0.13344
4,0.19293
5,0.07142
6,0.06887
7,0.06887
8,0.09726
9,0.17873
3,0.37305
4,0.27162
5,0.13679
6,0.04360
7,0.04360
8,0.04360
9,0.05838
3,0.09567
4,0.04582
5,0.04514
6,0.04514
7,0.09668
8,0.04879
9,0.12900
3,0.14832
4,0.13122
5,0.21502
6,0.21004
7,0.20404
8,0.09734
9,0.05343
3,0.34084
4,0.20885
5,0.09621
6,0.07303
7,0.07303
8,0.07303
9,0.28561
3,0.19245
4,0.19245
5,0.54074
6,0.29179
7,0.44191
8,0.33929
9,0.35390
