f_hz,note,delta_abs_h,delta_gain_over_w,delta_phase_err_deg,kalman_abs_h,kalman_gain_over_w,kalman_phase_err_deg
0.4,BP corner,1.7403532134449355,0.6924645416140648,31.770576808182625,4.812256715669317,1.9147361093148534,76.62038299970965
0.5,,2.379651688282884,0.7574666580543902,22.271669068750526,5.321692052135088,1.6939471914203033,60.75407264889898
0.7155,mode A,3.711947022475794,0.8256809463623555,6.155177458302759,4.495619087286966,0.9999999999999937,3.282707439211663e-12
0.9949,mode B,5.260362937483159,0.8415044365844282,-9.480426809958573,6.251141062112963,0.9999999999999989,0.0
1.2,,6.250126940818118,0.8289488313191913,-18.80255377829721,5.5781451130843935,0.7398244733594006,-29.268575264292096
1.6396,mode C,7.951918783206727,0.7718877661701881,-35.212546691893735,10.3019106296517,1.0000000000000049,2.1316282072803006e-13
2.0,,8.950072054964647,0.7122241042881305,-46.25282983027024,8.29256844053045,0.6599016291191355,-78.70560484849857
2.79,,10.137925400933288,0.5783157491954902,-65.42948121690657,4.43562852809234,0.2530294645037003,-114.68746838414063
3.0,BP corner,10.277566515828822,0.5452418379833017,-69.63180584187764,3.9755805199174388,0.21091109713490255,-119.39301762360611
