ch,mode,f_openloop_hz,f_closedloop_hz,shift_hz,shift_fraction
0,A,0.7155,0.6710118710681751,-0.044488128931824966,-0.062177678451187934
0,B,0.9949,1.0266668819096212,0.03176688190962118,0.03192972349946847
0,C,1.6396,1.560689250640335,-0.07891074935966502,-0.0481280491337308
1,A,0.7155,0.6724272991731112,-0.043072700826888854,-0.06019944210606409
1,B,0.9949,1.0265296559129655,0.031629655912965515,0.03179179406268521
1,C,1.6396,1.6561436397070408,0.01654363970704087,0.010090046174091772
2,A,0.7155,0.6724655615720265,-0.0430344384279735,-0.06014596565754507
2,B,0.9949,0.9908231506618546,-0.00407684933814545,-0.004097747852191627
2,C,1.6396,1.6918678754513334,0.05226787545133349,0.031878430990078976
3,A,0.7155,0.67193893383722,-0.04356106616277999,-0.060881993239385035
3,B,0.9949,1.043118112216668,0.04821811221666794,0.04846528517104025
3,C,1.6396,1.5606386201832967,-0.07896137981670326,-0.048158928895281325
