ch,estimator,resid_vs_modal,corr_vs_modal,rms_v_per_s
0,delta,0.7435861833517576,0.668874977475685,0.728999031424061
0,kalman,0.6319594609117555,0.798220088735859,1.1118099685415486
0,kalman+railblank,0.6044909638753286,0.806533269084658,1.0483104993384371
1,delta,0.7551231572113131,0.671205293158755,0.34429392190353963
1,kalman,0.5881721898551199,0.8132979904099997,0.47361586383051163
1,kalman+railblank,0.5887638379754482,0.8128733699099093,0.47331220826486425
2,delta,0.7789254965241119,0.6276833357175511,0.6735437049979277
2,kalman,0.6746696925936686,0.7413469925844584,0.9069238887389547
2,kalman+railblank,0.6737788877175268,0.7403328230705264,0.8783945647638906
3,delta,0.7811404227989414,0.637223419787517,0.36000147849478625
3,kalman,0.6143225937899645,0.7943504203576336,0.4971436444415412
3,kalman+railblank,0.6149003214072716,0.7938355692846913,0.49719104444089285
