drive,gamma_true,gamma_fit_mean,gamma_fit_sd,n_rep,Q_true,Q_fit
0.0,0.0,3.9545055755987396e-08,8.178372055739162e-08,24,inf,79040501.16938943
0.0,0.001,0.0009999078828415331,8.050009480490085e-08,24,3125.6610257246916,3125.948979262174
0.0,0.002,0.0019998184524156926,7.785392261102323e-08,24,1562.8305128623458,1562.972389793199
0.0,0.004,0.0039995154643382115,9.999641867917694e-08,24,781.4152564311729,781.5099237882022
0.0,0.008,0.007998166782117427,2.1049514686390987e-07,24,390.70762821558645,390.7971802630011
0.0,0.016,0.015982640527609407,1.7491589152386874e-06,24,195.35381410779323,195.56599676537994
0.0,0.032,0.031055058032509925,1.8242286749999843e-05,24,97.67690705389661,100.64901577232925
0.5,0.0,-0.00015982243200818053,0.0030163578158621724,24,inf,nan
0.5,0.001,-0.0001143149774701773,0.002508814226248813,24,3125.6610257246916,nan
0.5,0.002,0.00022795235327240015,0.0021947597156825463,24,1562.8305128623458,13711.905057587042
0.5,0.004,0.0013366051342050586,0.002242275230941984,24,781.4152564311729,2338.5074213287894
0.5,0.008,0.0009829472802251697,0.0023212032563516257,24,390.70762821558645,3179.886743273431
0.5,0.016,0.0008502424202384987,0.0023044941585236393,24,195.35381410779323,3676.1998123404887
0.5,0.032,0.00012736820741247616,0.0015678377179040527,24,97.67690705389661,24540.355000854965
