ch,maxlag_s,r2,mode,f_hz,gamma_1_s,Q
0,99.97903999980691,0.9996508583249283,0,0.9949209026476615,0.00015329116814481196,20390.191010274484
0,99.97903999980691,0.9996508583249283,1,1.6395628069942214,0.00020524372139568342,25096.204817013397
0,99.97903999980691,0.9996508583249283,2,1.9898222640409178,0.0007300618300249789,8562.577509971276
1,99.97903999980691,0.9999963830290826,0,0.9949286400237449,0.00013869138525776376,22536.803569562086
1,99.97903999980691,0.9999963830290826,1,1.6395818911601792,0.0002710939377687585,19000.419067361676
1,99.97903999980691,0.9999963830290826,2,0.7154520798119343,0.00046362234224980983,4848.038571708055
2,99.97903999980691,0.9998906736016999,0,0.9949218895249367,0.00010081421451057654,31003.95429554532
2,99.97903999980691,0.9998906736016999,1,1.6395741397289216,0.00022742455718257324,22648.7154078666
2,99.97903999980691,0.9998906736016999,2,0.7154673290675867,0.0003991327279684564,5631.477319143517
3,99.97903999980691,0.9999955850275453,0,0.9949173229162941,0.00017596429275297017,17762.836446545458
3,99.97903999980691,0.9999955850275453,1,1.6395788756903709,0.0003042514179639566,16929.712227208376
3,99.97903999980691,0.9999955850275453,2,0.7154452403407859,0.0004986349256517687,4507.581389655961
