t0_s,rms_ch0,rms_ch1,rms_ch2,rms_ch3,rms_ch4,rms_ch5,rms_ch6,rms_ch7
20.00185,87.82285295215107,34.044563176153446,117.3587307485877,29.669595968652075,6.414112049316948,34.47693254202569,7.536683070933808,5.090677413345632
50.001850000000005,86.03224374935311,32.668712563528025,113.14532232955332,27.682690261874214,6.318098559069824,33.47728494141189,6.016070804042241,4.996823848893408
80.00185,81.295728391934,31.152657959707774,108.58455350044002,26.5498076597047,6.319983754478719,32.792968533226265,6.081108148187739,5.015290925337482
110.00185000000002,77.47076222363441,29.67345250261534,103.46605363043987,25.2599872467363,6.28555562542853,32.22656532029118,6.058184983563675,5.013988051205069
140.00185000000002,74.42338400062646,28.162725783590346,98.31481364991872,23.398542798965227,6.276930142474117,31.754263142814473,5.956236792907546,4.965628506096565
170.00185000000002,73.30420522427112,27.992555050881595,98.06364207173726,23.459488812994593,6.336007880438843,30.88776049424936,6.901717473438275,4.381178116392312
200.00185000000002,69.46330003592547,26.531990600277982,92.1203689616639,21.868208350111527,6.264104949324713,30.63136985607161,5.857398878209289,1.8133844072505931
230.00185000000002,63.91100587289939,24.07769553501667,83.79691891853015,19.55613584683364,6.235725362401001,30.31033771758426,6.097935544620465,5.091608453577828
260.00185000000005,57.34263982504141,21.881161549024778,74.13069702034417,17.547094816181506,6.266157798577054,30.20626994280966,5.991885631770456,5.006039037570388
290.00185000000005,54.26771006778624,20.705577603422284,68.08295452802031,16.10625184765069,6.293364774462009,30.13311731200025,6.118164413847817,4.984912116947733
