mode,ch,f_hz,width3db_hz,width3db_ref_hz,excess_hz,Q_upper
A,0,0.7154396674928515,0.0056609463754691,0.005434508520450243,0.0015850649851316685,451.36298776634777
A,1,0.7154396674928515,0.0056609463754691,0.005434508520450243,0.0015850649851316685,451.36298776634777
A,2,0.7154396674928515,0.0056609463754691,0.005434508520450243,0.0015850649851316685,451.36298776634777
A,3,0.7154396674928515,0.0056609463754691,0.005434508520450243,0.0015850649851316685,451.36298776634777
B,0,0.9949288053475371,0.005434508520450243,0.005434508520450243,0.0,inf
B,1,0.9949288053475371,0.005434508520450243,0.005434508520450243,0.0,inf
B,2,0.9949288053475371,0.005434508520450243,0.005434508520450243,0.0,inf
B,3,0.9949288053475371,0.005434508520450243,0.005434508520450243,0.0,inf
C,0,1.639573950431679,0.005434508520450354,0.005434508520450243,1.0998013678292735e-09,1490790972.2532701
C,1,1.639573950431679,0.005434508520450354,0.005434508520450243,1.0998013678292735e-09,1490790972.2532701
C,2,1.639573950431679,0.005434508520450354,0.005434508520450243,1.0998013678292735e-09,1490790972.2532701
C,3,1.639573950431679,0.005434508520450354,0.005434508520450243,1.0998013678292735e-09,1490790972.2532701
