mode,ch,f_hz,gamma_1_s,tau_s,Q,r2,rho_90s
A,0,0.7154396674928515,-2.4312290193958802e-05,inf,inf,0.0012809793292118954,0.9577998653531727
A,1,0.7154396674928515,1.6117603816139927e-06,620439.6208067945,1394512.5026783035,0.01857604443159122,0.9988088160161913
A,2,0.7154396674928515,-4.3808179123837434e-06,inf,inf,0.0007286163322114403,0.989116927778271
A,3,0.7154396674928515,3.943562397305691e-06,253577.8312226572,569946.6058956943,0.10431153425904394,0.9985248445523632
A,4,0.7154396674928515,0.17688135236548475,5.653507204839373,12.706935883428091,0.9260722352331536,0.2294765542773786
A,5,0.7154396674928515,3.0070844983058792e-05,33254.80213686634,74744.15849466561,0.023414277829083785,0.9685677741099498
A,6,0.7154396674928515,0.20629603055625825,4.84740301257175,10.895119975996465,0.9073657356773137,0.1621000498156049
A,7,0.7154396674928515,0.20879451636735472,4.789397812730829,10.764746328528025,0.9061962858035962,0.16656697360917755
B,0,0.9949288053475371,3.836389697031832e-05,26066.173641684207,81474.02304158459,0.9794348062918165,0.9969214704885777
B,1,0.9949288053475371,3.761256564805693e-05,26586.85954468145,83101.51067522733,0.9819179854308637,0.9969851683925005
B,2,0.9949288053475371,3.545602132104754e-05,28203.95415901829,88156.00028616929,0.9754970321998121,0.9971859121926476
B,3,0.9949288053475371,3.7824497121706934e-05,26437.892796890996,82635.89111752975,0.9805096052720754,0.9969776308397261
B,4,0.9949288053475371,-8.109356607630384e-06,inf,inf,0.00014124688259253837,0.9357056896868323
B,5,0.9949288053475371,3.440145187781149e-06,290685.40582294075,908584.0437277312,0.8269429150918284,0.9995565953708655
B,6,0.9949288053475371,0.1709970774763226,5.848053164174497,18.27903185162619,0.9248260947993837,0.4071233559352898
B,7,0.9949288053475371,0.00023991527080422285,4168.138179149198,13028.18705640173,0.027631184841538814,0.8295234844851431
C,0,1.639573950431679,-3.20541715269644e-05,inf,inf,0.00195678915465769,0.956405486350996
C,1,1.639573950431679,7.852198829431666e-06,127352.86277415609,655978.4831717224,0.8001476472946952,0.9989180186946166
C,2,1.639573950431679,2.347554600938284e-06,425975.1826859807,2194144.270652801,0.0007724536099453783,0.994140970735844
C,3,1.639573950431679,1.0837550571021374e-05,92271.77243111642,475280.22535519477,0.8883368598238334,0.9987646105384042
C,4,1.639573950431679,0.0019419572281875145,514.9444001572214,2652.4134532565477,0.11007982063902388,0.5453993673771947
C,5,1.639573950431679,-0.0002679165291483778,inf,inf,0.0025685572840884463,0.7271863736151102
C,6,1.639573950431679,0.18861763101266735,5.30173131022328,27.308547191685552,0.9153785387071591,0.13848089673763153
C,7,1.639573950431679,0.17510124273780026,5.71098174041756,29.41654437830786,0.9424481911591363,0.20320150965989364
