ch,mode,f_hz,rel_power
0,A,0.7154432492434184,0.016108509971165256
0,B,0.9949263799617006,1.0
0,C,1.639569381593582,0.05850222418362814
1,A,0.7154386753514089,0.038588260773577736
1,B,0.9949333350599575,1.0
1,C,1.6395753741886205,0.23306141992168508
2,A,0.7154412531290233,0.015245207179763447
2,B,0.994930787926168,1.0
2,C,1.639577162307794,0.057069192207621335
3,A,0.7154354922475553,0.03681448157462006
3,B,0.9949247184423227,1.0
3,C,1.6395738836367193,0.24002710256256674
4,A,0.6486525077158709,0.01243854738413286
4,B,0.9945195834115232,1.0
4,C,1.640054383803992,0.13199704702390117
5,A,0.715376056636651,0.0008332545378323629
5,B,0.9943557847148606,1.0
5,C,1.7098420998139134,0.00017469894636054843
6,A,0.7602356043778675,0.4313601452031767
6,B,0.9954833938503775,1.0
6,C,1.6891164225700999,0.5812324738290475
7,A,0.6480949072773029,0.03064159990521684
7,B,0.9944892752358839,1.0
7,C,1.6812886050000269,0.04432209992418181
