amp_lo,amp_hi,gain,n,rail_fraction
0.0,0.01188,0.01,14517,0.0
0.0,0.01188,0.03,64298,0.0
0.0,0.01188,0.035,389,0.002570694087403599
0.01188,0.04149,0.01,11000,0.0
0.01188,0.04149,0.03,34334,0.0
0.01188,0.04149,0.035,965,0.004145077720207254
0.04149,0.27015,0.01,4872,0.0
0.04149,0.27015,0.03,9122,0.00010962508221881167
0.04149,0.27015,0.035,4044,0.00791295746785361
0.27015,0.9731750000000099,0.01,501,0.0
0.27015,0.9731750000000099,0.03,253,0.09486166007905138
0.27015,0.9731750000000099,0.035,2529,0.07433768287860815
0.9731750000000099,3.14063,0.01,31,0.03225806451612903
0.9731750000000099,3.14063,0.03,33,0.696969696969697
0.9731750000000099,3.14063,0.035,769,0.3693107932379714
