ch,n_avg,epoch,f_hz,rel_power
0,33,all,1.0004001600643826,1.0
0,33,all,0.7086167800456044,0.9027964688738196
0,33,all,1.6395447067721824,0.2799246069268318
1,43,all,1.6395447067721824,1.0
1,43,all,0.7086167800456044,0.46171910645515885
1,43,all,0.9865057133968217,0.38722351749332395
2,25,all,1.0004001600643826,1.0
2,25,all,0.7086167800456044,0.7692659094118763
3,41,all,1.6395447067721824,1.0
3,41,all,1.0004001600643826,0.40729954356674025
3,41,all,0.7086167800456044,0.4040408050528843
4,18,all,1.6256502601046217,1.0
4,18,all,1.806278066782913,0.9471057734725793
4,18,all,0.47241118669706955,0.9272590851309218
4,18,all,2.0424836601314476,0.7605905563035632
5,17,all,1.0004001600643826,1.0
6,15,all,1.806278066782913,1.0
6,15,all,1.583966920101939,0.9953995660929632
6,15,all,2.098061446801691,0.6897266066927689
6,15,all,0.5140945266997522,0.6748419729880171
7,17,all,1.9869058734612042,1.0
7,17,all,0.9865057133968217,0.8478815158874586
7,17,all,2.7094171001743694,0.4067168411420704
7,17,all,0.6391445467078,0.2580347740793975
0,6,20260803,0.7086167800454294,nan
0,6,20260803,1.0004001600641357,nan
0,6,20260803,1.6395447067717779,nan
0,17,20260804,0.7086167800470029,nan
0,17,20260804,1.000400160066357,nan
0,17,20260804,1.6395447067754183,nan
0,10,20260806,0.7086167800456044,nan
0,10,20260806,1.0004001600643826,nan
0,10,20260806,1.6395447067721824,nan
1,10,20260803,0.7225112267129868,nan
1,10,20260803,0.9865057133965782,nan
1,10,20260803,1.6395447067717779,nan
1,21,20260804,0.7086167800470029,nan
1,21,20260804,0.9865057133987687,nan
1,21,20260804,1.6395447067754183,nan
1,12,20260806,0.7225112267131651,nan
1,12,20260806,0.9865057133968217,nan
1,12,20260806,1.6395447067721824,nan
2,3,20260803,0.6947223333778719,nan
2,3,20260803,1.0004001600641357,nan
2,3,20260803,1.6395447067717779,nan
2,13,20260804,0.7086167800454294,nan
2,13,20260804,1.0004001600641357,nan
2,13,20260804,1.6395447067717779,nan
2,9,20260806,0.7225112267131651,nan
2,9,20260806,1.0004001600643826,nan
2,9,20260806,1.6395447067721824,nan
3,9,20260803,0.7086167800454294,nan
3,9,20260803,1.0004001600641357,nan
3,9,20260803,1.6395447067717779,nan
3,21,20260804,0.7086167800470029,nan
3,21,20260804,1.000400160066357,nan
3,21,20260804,1.6395447067754183,nan
3,11,20260806,0.7225112267131651,nan
3,11,20260806,1.0004001600643826,nan
3,11,20260806,1.6395447067721824,nan
