gamma_true,gamma_fit_mean,gamma_fit_sd,f_fit,Q_true,Q_fit,n_rep
0.0,0.007201952057594512,0.002338567261308431,0.9994261994360412,inf,435.7778329871946,8
0.005,0.009167178303852977,0.0031225995025482662,0.9994080587242213,627.6902121872407,342.3573707099281,8
0.01,0.012403485059533249,0.0030371592364311036,0.9993839828017206,313.84510609362036,253.02977718540546,8
0.02,0.02231077515416649,0.007864941840696135,0.9987397923772814,156.92255304681018,140.66974541447541,8
0.04,0.04725359292600084,0.013097297408953252,0.9990336616781236,78.46127652340509,66.41719426184206,8
0.063,0.06424230556223709,0.010850489828367609,0.9999167486577658,49.816683506923866,48.85333789734109,8
0.1,0.09383348288231881,0.01660428355455146,0.9977550972049689,31.384510609362035,33.44702727140896,8
0.157,0.17438781755176075,0.03683783597445121,0.9994524580882065,19.99013414609047,17.99696277525044,8
0.25,0.2336998038491534,0.045543457309913264,0.9923594950794566,12.553804243744814,13.429412473799013,8
