run,seg,states,t0_s,dur_s,nch,fs_raw_hz,fs_dec_hz,railfrac_ch0,railfrac_ch1,railfrac_ch2,railfrac_ch3,railfrac_ch4,railfrac_ch5,railfrac_ch6,railfrac_ch7
20260803_155449_fast_lock.csv,0,CALIBRATING+DAMPING,0.0007,8.001,4,357.1428571428965,19.841269841272027,0.0,0.0,0.04040042903110475,0.0,0.0,0.0,0.0,0.0
20260803_155449_fast_lock.csv,1,CALIBRATING+FAULT,60.4353,12.359200000000001,4,357.14285714368947,19.84126984131608,0.028730305838739572,0.0,0.17238183503243745,0.0,0.0,0.0,0.0,0.0
20260803_155718_fast_lock.csv,0,CALIBRATING+DAMPING,0.0007,8.0016,4,357.1428571428965,19.841269841272027,0.01251788268955651,0.0,0.0690271816881259,0.0,0.0,0.0,0.0,0.0
20260803_155718_fast_lock.csv,1,FAULT,9.5888,29.869,4,357.1428571427832,19.841269841265735,0.0,0.0,0.012028639618138425,0.0,0.0,0.0,0.0,0.0
20260803_155916_fast_lock.csv,0,CALIBRATING+DAMPING,0.0006,8.001199999999999,4,357.1428571428965,19.841269841272027,0.0,0.0,0.0,0.0,0.0,0.0,0.0,0.0
20260803_155916_fast_lock.csv,1,FAULT,69.2191,48.7457,4,357.14285714368947,19.84126984131608,0.147008547008547,0.0,0.1740642499263189,0.002122015915119363,0.0,0.0,0.0,0.0
20260803_160302_fast_lock.csv,0,CALIBRATING+DAMPING,0.0015,20.0001,4,357.1428571428965,19.841269841272027,0.0,0.0,0.0,0.0,0.0,0.0,0.0,0.0
20260803_171100_fast_lock.csv,0,CALIBRATING+DAMPING,0.0005,20.002000000000002,4,357.1428571428965,19.841269841272027,0.0,0.0,0.013665480427046264,0.0,0.0,0.0,0.0,0.0
20260803_171159_fast_lock.csv,0,CALIBRATING+DAMPING,0.0015,19.9996,4,357.14285714286814,19.841269841270453,0.04340882694541231,0.0,0.11033681765389082,0.0,0.0,0.0,0.0,0.0
20260803_171315_fast_lock.csv,0,CALIBRATING+DAMPING,0.0021,19.9995,4,357.14285714286814,19.841269841270453,0.07726942628903413,0.0,0.20551924473493102,0.0,0.0,0.0,0.0,0.0
20260803_171315_fast_lock.csv,1,CALIBRATING+DAMPING+FAULT,20.1808,25.026799999999998,4,357.1428571427832,19.841269841265735,0.05702412559159645,0.0,0.15825926353457231,0.0,0.0,0.0,0.0,0.0
20260803_171733_fast_lock.csv,0,CALIBRATING+DAMPING,0.0018,19.9997,4,357.1428571428965,19.841269841272027,0.0,0.0,0.0,0.0,0.0,0.0,0.0,0.0
20260803_171733_fast_lock.csv,1,CALIBRATING+DAMPING+FAULT,39.302,25.002199999999995,4,357.1428571427832,19.841269841265735,0.0,0.0,0.011938601478112564,0.0,0.0,0.0,0.0,0.0
20260803_172308_fast_lock.csv,0,CALIBRATING+DAMPING,0.0005,20.0001,4,357.1428571428965,19.841269841272027,0.0,0.0,0.0,0.0,0.0,0.0,0.0,0.0
20260804_110825_fast_lock.csv,0,CALIBRATING+DAMPING,0.0009,20.0017,4,357.1428571428965,19.841269841272027,0.0,0.0,0.0,0.0,0.0,0.0,0.0,0.0
20260804_110929_fast_lock.csv,0,CALIBRATING+DAMPING,0.001,19.999,4,357.1428571430098,19.841269841278322,0.0,0.0,0.022947548460661344,0.0,0.0,0.0,0.0,0.0
20260804_111021_fast_lock.csv,0,CALIBRATING+DAMPING,0.0012,19.999299999999998,8,357.1428571428965,19.841269841272027,0.037551956428264296,0.0,0.08442023792460943,0.0,0.0,0.0,0.0,0.042425111079260426
20260804_111021_fast_lock.csv,1,DAMPING+FAULT,24.3246,8.7589,8,357.1428571427832,19.841269841265735,0.0,0.0,0.0,0.0,0.0,0.0,0.0,0.30608240680183124
20260804_111021_fast_lock.csv,2,DAMPING+FAULT,37.6805,5.001899999999999,8,357.1428571427832,19.841269841265735,0.0,0.0,0.0,0.0,0.0,0.0,0.0,0.012485811577752554
20260804_111504_fast_lock.csv,0,CALIBRATING+DAMPING,0.0008,20.002399999999998,4,357.1428571428965,19.841269841272027,0.0,0.0,0.0,0.0,0.0,0.0,0.0,0.0
20260804_111807_fast_lock.csv,0,CALIBRATING+DAMPING,0.0008,20.001199999999997,4,357.1428571428965,19.841269841272027,0.0,0.0,0.0,0.0,0.0,0.0,0.0,0.0
20260804_111807_fast_lock.csv,1,CALIBRATING+DAMPING+FAULT,59.3482,25.003700000000002,4,357.14285714368947,19.84126984131608,0.0,0.0,0.0,0.0,0.0,0.0,0.0,0.0
20260804_111807_fast_lock.csv,2,CALIBRATING+DAMPING+FAULT,149.2738,25.004999999999995,4,357.1428571455021,19.841269841416782,0.0,0.0,0.0,0.0,0.0,0.0,0.0,0.0
20260804_112355_fast_lock.csv,0,CALIBRATING+DAMPING,0.0015,20.0035,4,357.1428571430098,19.841269841278322,0.0,0.0,0.005553973227000854,0.0,0.0,0.0,0.0,0.0
20260804_112355_fast_lock.csv,1,CALIBRATING+DAMPING+FAULT,172.003,25.0043,4,357.1428571455021,19.841269841416782,0.0957678632870742,0.0,0.13510723706847116,0.0,0.0,0.0,0.0,0.0
20260804_133605_fast_lock.csv,0,CALIBRATING+DAMPING,0.0003,20.002200000000002,4,357.1428571428965,19.841269841272027,0.0,0.0,0.0,0.0,0.0,0.0,0.0,0.0
20260804_133605_fast_lock.csv,1,CALIBRATING+DAMPING+FAULT,66.1079,25.004000000000005,4,357.14285714368947,19.84126984131608,0.0,0.0,0.0,0.0,0.0,0.0,0.0,0.0
20260804_133605_fast_lock.csv,2,CALIBRATING+DAMPING+FAULT,129.8713,25.202500000000015,4,357.1428571455021,19.841269841416782,0.047360072513029684,0.0,0.04192159528665307,0.0,0.0,0.0,0.0,0.0
20260804_134033_fast_lock.csv,0,CALIBRATING+DAMPING,0.0015,19.9995,4,357.1428571430098,19.841269841278322,0.0,0.0,0.0,0.0,0.0,0.0,0.0,0.0
20260804_134033_fast_lock.csv,1,CALIBRATING+DAMPING+FAULT,63.1344,25.0043,4,357.14285714368947,19.84126984131608,0.15470439383482862,0.001840349666436623,0.18046928916494134,0.006556245686680469,0.0,0.0,0.0,0.0
20260804_134707_fast_lock.csv,0,CALIBRATING+DAMPING,0.0006,19.9994,4,357.1428571428965,19.841269841272027,0.0,0.0,0.0,0.0,0.0,0.0,0.0,0.0
20260804_134707_fast_lock.csv,1,DAMPING+FAULT,66.0282,5.0017,4,357.14285714368947,19.84126984131608,0.3102652825836217,0.02249134948096886,0.3356401384083045,0.04440599769319493,0.0,0.0,0.0,0.0
20260804_134707_fast_lock.csv,2,DAMPING+FAULT,73.1482,5.001999999999995,4,357.14285714368947,19.84126984131608,0.3193717277486911,0.0,0.3566026759744037,0.027923211169284468,0.0,0.0,0.0,0.0
20260804_134707_fast_lock.csv,3,DAMPING+FAULT,80.2627,5.001800000000003,4,357.14285714368947,19.84126984131608,0.003430531732418525,0.0,0.012578616352201259,0.0,0.0,0.0,0.0,0.0
20260804_134707_fast_lock.csv,4,DAMPING+FAULT,87.3249,5.001999999999995,4,357.14285714368947,19.84126984131608,0.0,0.0,0.0,0.0,0.0,0.0,0.0,0.0
20260804_134707_fast_lock.csv,5,DAMPING+FAULT,124.0957,5.001800000000003,4,357.14285714368947,19.84126984131608,0.2688543465745538,0.012089810017271158,0.2976396085204375,0.008059873344847437,0.0,0.0,0.0,0.0
20260804_134707_fast_lock.csv,6,DAMPING+FAULT,131.2073,5.001900000000006,4,357.1428571455021,19.841269841416782,0.0,0.0,0.027011494252873563,0.0,0.0,0.0,0.0,0.0
20260804_134707_fast_lock.csv,7,DAMPING+FAULT,138.3963,5.001900000000006,4,357.1428571455021,19.841269841416782,0.0,0.0,0.0,0.0,0.0,0.0,0.0,0.0
20260804_134707_fast_lock.csv,8,DAMPING+FAULT,184.0636,5.037700000000001,4,357.1428571455021,19.841269841416782,0.32124352331606215,0.013816925734024179,0.4168105929763961,0.04605641911341393,0.0,0.0,0.0,0.0
20260804_134707_fast_lock.csv,9,DAMPING+FAULT,191.189,5.0020000000000095,4,357.1428571455021,19.841269841416782,0.07081667618503712,0.0,0.12050256996002284,0.0,0.0,0.0,0.0,0.0
20260804_134707_fast_lock.csv,10,DAMPING+FAULT,198.2457,5.0020000000000095,4,357.1428571455021,19.841269841416782,0.0,0.0,0.0,0.0,0.0,0.0,0.0,0.0
20260804_135853_fast_lock.csv,0,CALIBRATING+DAMPING,0.0006,20.001,4,357.1428571428965,19.841269841272027,0.0,0.0,0.0,0.0,0.0,0.0,0.0,0.0
20260804_135853_fast_lock.csv,1,DAMPING+FAULT,63.7656,5.002100000000006,4,357.14285714368947,19.84126984131608,0.04342790966994789,0.0,0.08917197452229299,0.0,0.0,0.0,0.0,0.0
20260804_135853_fast_lock.csv,2,DAMPING+FAULT,123.1056,5.001899999999992,4,357.14285714368947,19.84126984131608,0.06666666666666667,0.004597701149425287,0.12413793103448276,0.0,0.0,0.0,0.0,0.0
20260804_135853_fast_lock.csv,3,DAMPING+FAULT,132.1869,5.004499999999979,4,357.1428571455021,19.841269841416782,0.0,0.0,0.06990179087232813,0.0,0.0,0.0,0.0,0.0
20260804_135853_fast_lock.csv,4,DAMPING+FAULT,183.9357,5.004600000000011,4,357.1428571455021,19.841269841416782,0.40995946728430804,0.030110017371163866,0.42443543717429066,0.06369426751592357,0.0,0.0,0.0,0.0
20260804_140508_fast_lock.csv,0,CALIBRATING+DAMPING,0.0003,20.0024,8,357.1428571428965,19.841269841272027,0.0,0.0,0.0,0.0,0.0,0.0,0.0,0.0
20260804_140508_fast_lock.csv,1,DAMPING+FAULT,22.6468,5.001799999999999,8,357.1428571427832,19.841269841265735,0.0,0.0,0.0,0.0,0.0,0.0,0.0,0.0
20260804_140508_fast_lock.csv,2,DAMPING+FAULT,30.0782,5.001900000000003,8,357.1428571427832,19.841269841265735,0.0,0.0,0.0,0.0,0.0,0.0,0.0,0.0
20260804_140508_fast_lock.csv,3,DAMPING+FAULT,37.1843,5.0020000000000024,8,357.1428571427832,19.841269841265735,0.0,0.0,0.0,0.0,0.0,0.0,0.0,0.0
20260804_140508_fast_lock.csv,4,DAMPING+FAULT,46.3756,5.001899999999999,8,357.1428571427832,19.841269841265735,0.0,0.0,0.0,0.0,0.0,0.0,0.0,0.0
20260804_140508_fast_lock.csv,5,CALIBRATING+DAMPING+FAULT,53.4902,25.004099999999994,8,357.14285714368947,19.84126984131608,0.0,0.0,0.0,0.0,0.0,0.0,0.0,0.0
20260804_140508_fast_lock.csv,6,DAMPING+FAULT,80.5767,5.001899999999992,8,357.14285714368947,19.84126984131608,0.0,0.0,0.0,0.0,0.0,0.0,0.0,0.0
20260804_140508_fast_lock.csv,7,DAMPING+FAULT,87.7271,5.001900000000006,8,357.14285714368947,19.84126984131608,0.0,0.0,0.0,0.0,0.0,0.0,0.0,0.0
20260804_140508_fast_lock.csv,8,DAMPING+FAULT,94.8635,5.001800000000003,8,357.14285714368947,19.84126984131608,0.0,0.0,0.0,0.0,0.0,0.0,0.0,0.0
20260804_140508_fast_lock.csv,9,DAMPING+FAULT,102.0304,5.001999999999995,8,357.14285714368947,19.84126984131608,0.0,0.0,0.0,0.0,0.0,0.0,0.0,0.0
20260804_140508_fast_lock.csv,10,CALIBRATING+DAMPING+FAULT,109.1617,25.00399999999999,8,357.14285714368947,19.84126984131608,0.0,0.0,0.0012517068730086482,0.0,0.0,0.0,0.042558033682294036,0.0
20260804_170145_fast_lock.csv,0,CALIBRATING+DAMPING,0.0004,20.0017,8,357.1428571428965,19.841269841272027,0.0,0.0,0.0,0.0,0.0,0.0,0.0,0.0
20260804_170145_fast_lock.csv,1,DAMPING+FAULT,22.1975,5.001899999999999,8,357.1428571427832,19.841269841265735,0.0,0.0,0.0,0.0,0.0,0.0,0.0,0.0
20260804_170145_fast_lock.csv,2,DAMPING+FAULT,29.3532,5.002099999999999,8,357.1428571427832,19.841269841265735,0.0,0.0,0.0,0.0,0.0,0.0,0.0,0.0
20260804_170145_fast_lock.csv,3,DAMPING+FAULT,36.468,5.001799999999996,8,357.1428571427832,19.841269841265735,0.0,0.0,0.0,0.0,0.0,0.0,0.0,0.0
20260804_170145_fast_lock.csv,4,DAMPING+FAULT,43.5824,5.0020000000000024,8,357.1428571427832,19.841269841265735,0.0,0.0,0.0,0.0,0.0,0.0,0.0073821692220329355,0.0
20260804_170145_fast_lock.csv,5,CALIBRATING+DAMPING+FAULT,50.7247,25.004500000000007,8,357.14285714368947,19.84126984131608,0.0,0.0,0.001592537822773291,0.0,0.0,0.0,0.030258218632692527,0.0
20260804_170145_fast_lock.csv,6,CALIBRATING+FAULT,96.2386,21.497699999999995,8,357.14285714368947,19.84126984131608,0.13660618996798293,0.00013340448239060833,0.15781750266808964,0.0,0.0,0.0,0.0,0.0
20260806_155848_fast_lock.csv,0,CALIBRATING+DAMPING,0.0006,20.002000000000002,4,357.1428571428965,19.841269841272027,0.0,0.0,0.013817663817663818,0.0,0.0,0.0,0.0,0.0
20260806_155848_fast_lock.csv,1,DAMPING+FAULT,70.17,5.002099999999999,4,357.14285714368947,19.84126984131608,0.011494252873563218,0.0,0.02413793103448276,0.0,0.0,0.0,0.0,0.0
20260806_155848_fast_lock.csv,2,DAMPING+FAULT,125.2012,5.002299999999991,4,357.14285714368947,19.84126984131608,0.25578703703703703,0.0011574074074074073,0.34953703703703703,0.041666666666666664,0.0,0.0,0.0,0.0
20260806_155848_fast_lock.csv,3,DAMPING+FAULT,185.7162,5.238700000000023,4,357.1428571455021,19.841269841416782,0.29295154185022027,0.015969162995594713,0.3579295154185022,0.045704845814977975,0.0,0.0,0.0,0.0
20260806_155848_fast_lock.csv,4,DAMPING+FAULT,195.0839,5.0020000000000095,4,357.1428571455021,19.841269841416782,0.08553386911595867,0.0,0.14121699196326062,0.0,0.0,0.0,0.0,0.0
20260806_155848_fast_lock.csv,5,DAMPING+FAULT,204.2152,5.001800000000003,4,357.1428571455021,19.841269841416782,0.1354950781702374,0.0,0.16618413433700058,0.0,0.0,0.0,0.0,0.0
20260806_155848_fast_lock.csv,6,DAMPING+FAULT,213.3789,5.002600000000001,4,357.1428571455021,19.841269841416782,0.1394675925925926,0.0,0.15046296296296297,0.0,0.0,0.0,0.0,0.0
20260806_155848_fast_lock.csv,7,CALIBRATING+DAMPING+FAULT,222.4964,11.009299999999996,4,357.1428571455021,19.841269841416782,0.03307291666666667,0.0,0.11484375,0.0,0.0,0.0,0.0,0.0
20260806_160826_fast_lock.csv,0,CALIBRATING+DAMPING,0.0008,6.0040000000000004,4,357.1428571428965,19.841269841272027,0.0,0.0,0.0,0.0,0.0,0.0,0.0,0.0
20260806_160952_fast_lock.csv,0,CALIBRATING+DAMPING,0.0005,19.9996,4,357.1428571428965,19.841269841272027,0.13813900057438253,0.0005743825387708214,0.15623205054566341,0.0022975301550832855,0.0,0.0,0.0,0.0
20260806_161715_fast_lock.csv,0,CALIBRATING+DAMPING,0.0008,20.0002,8,357.1428571428965,19.841269841272027,0.0,0.0,0.0,0.0,0.0,0.0,0.0,0.0
20260806_171500_fast_lock.csv,0,CALIBRATING+DAMPING,0.0011,19.9991,8,1111.1111111115076,19.841269841276922,0.0,0.0,0.0,0.0,0.0,0.0,0.0,0.0
20260806_171500_fast_lock.csv,1,DAMPING+FAULT,54.0405,5.000999999999998,8,1250.0000000029133,19.841269841316084,0.0,0.0,0.0,0.0,0.0,0.0,0.0,0.0
20260806_171500_fast_lock.csv,2,DAMPING+FAULT,64.1692,5.000299999999996,8,1111.1111111093146,19.84126984123776,0.07896563693162097,0.030371398819854217,0.09354390836515099,0.032280458174245054,0.0,0.014404720583130857,0.03505727178063173,0.0
20260806_171500_fast_lock.csv,3,DAMPING+FAULT,73.1774,5.001599999999996,8,1111.1111111093146,19.84126984123776,0.26855575868372944,0.0,0.3137111517367459,0.006581352833638025,0.0,0.0,0.002742230347349177,0.0
20260806_171500_fast_lock.csv,4,DAMPING+FAULT,82.185,5.001599999999996,8,1111.1111111093146,19.84126984123776,0.0,0.0,0.0,0.0,0.0,0.0,0.0,0.0
20260806_171500_fast_lock.csv,5,CALIBRATING+DAMPING+FAULT,98.8409,25.0013,8,1111.1111111093146,19.84126984123776,0.0,0.0,0.0,0.0,0.0,0.0,0.0,0.0
20260806_171500_fast_lock.csv,6,DAMPING+FAULT,127.8588,5.000799999999998,8,1111.1111111093146,19.84126984123776,0.09616433375749864,0.0,0.06489729140156335,0.0,0.0,0.01563352117796764,0.06144337393201236,0.0
20260806_171500_fast_lock.csv,7,DAMPING+FAULT,136.8675,5.0002999999999815,8,1111.1111111093146,19.84126984123776,0.0,0.0,0.0,0.0,0.0,0.0,0.0,0.0
20260806_171500_fast_lock.csv,8,DAMPING+FAULT,145.875,5.0005999999999915,8,1111.1111111093146,19.84126984123776,0.0,0.0,0.0,0.0,0.0,0.0,0.0,0.0
20260806_171500_fast_lock.csv,9,DAMPING+FAULT,154.8829,5.000799999999998,8,1111.1111111093146,19.84126984123776,0.0,0.0,0.0,0.0,0.0,0.0,0.0,0.0
20260806_171500_fast_lock.csv,10,CALIBRATING+DAMPING+FAULT,163.8938,47.190500000000014,8,1111.1111111093146,19.84126984123776,0.04861018116427219,0.009125169781722878,0.08369521550322347,0.011612113328104376,0.0,0.009392994471333193,0.03548677137336675,0.00038260669944330727
20260806_171500_fast_lock.csv,11,DAMPING+FAULT,219.4742,5.000799999999998,8,1111.1111111093146,19.84126984123776,0.0,0.0,0.0,0.0,0.0,0.0,0.0,0.0
20260806_184216_fast_lock.csv,0,CALIBRATING+DAMPING,0.0012,20.0007,8,1111.1111111115076,19.841269841276922,0.0,0.0,0.0,0.0,0.0,0.0,0.0,0.0
20260806_184216_fast_lock.csv,1,DAMPING+FAULT,94.8574,5.017700000000005,8,1111.1111111093146,19.84126984123776,0.0,0.0,0.0,0.0,0.0,0.0,0.0,0.0
20260806_184216_fast_lock.csv,2,DAMPING+FAULT,103.9168,5.019800000000004,8,1111.1111111093146,19.84126984123776,0.0,0.0,0.0,0.0,0.0,0.0,0.0,0.0
20260806_184216_fast_lock.csv,3,DAMPING+FAULT,112.9569,5.0197,8,1111.1111111093146,19.84126984123776,0.0,0.0,0.0,0.0,0.0,0.0,0.0,0.0
20260806_184216_fast_lock.csv,4,DAMPING+FAULT,121.9899,5.018799999999999,8,1111.1111111093146,19.84126984123776,0.22453070894842356,0.024785857481319482,0.25296154547111355,0.030253326043375252,0.0,0.06797885912156006,0.26152724621833423,0.0
20260806_184216_fast_lock.csv,5,CALIBRATING+DAMPING+FAULT,131.0303,15.03879999999998,8,1111.1111111093146,19.84126984123776,0.02077080081642454,0.0,0.05318765758194261,0.0,0.0,0.0,0.0,0.0
20260806_184723_fast_lock.csv,0,CALIBRATING+DAMPING,0.0006,20.000700000000002,8,1111.1111111115076,19.841269841276922,0.0,0.0,0.0,0.0,0.0,0.0,0.0,0.0
20260806_185116_fast_lock.csv,0,CALIBRATING+DAMPING,0.0013,20.0002,8,1111.1111111115076,19.841269841276922,0.0,0.0,0.0,0.0,0.0,0.0,0.0,0.0
20260806_185116_fast_lock.csv,1,DAMPING+FAULT,314.1437,5.0090999999999894,8,1111.1111111093146,19.84126984123776,0.2839416058394161,0.02737226277372263,0.3512773722627737,0.04543795620437956,0.0,0.029927007299270073,0.0947080291970803,0.0
20260806_185116_fast_lock.csv,2,CALIBRATING+DAMPING+FAULT,323.1739,25.029499999999985,8,1111.1111111093146,19.84126984123776,0.03074866310160428,0.0,0.09557016909958087,0.0,0.0,0.0,0.0,0.0
20260806_185116_fast_lock.csv,3,CALIBRATING+DAMPING+FAULT,352.2242,25.026299999999992,8,1111.1111111093146,19.84126984123776,0.0,0.0,0.0,0.0,0.0,0.0,0.0,0.0
20260806_185116_fast_lock.csv,4,CALIBRATING+DAMPING+FAULT,381.2716,25.00980000000004,8,1111.1111111093146,19.84126984123776,0.0,0.0,0.0,0.0,0.0,0.0,0.0,0.0
20260806_190046_fast_lock.csv,0,CALIBRATING+DAMPING,0.0015,19.9985,8,1111.1111111115076,19.841269841276922,0.0,0.0,0.0,0.0,0.0,0.0,0.0,0.0
20260806_190046_fast_lock.csv,1,DAMPING+FAULT,89.5528,5.018999999999991,8,1111.1111111093146,19.84126984123776,0.3108254887762491,0.07458363504706735,0.41401158580738595,0.09956553222302679,0.0,0.04163649529326575,0.08182476466328747,0.0068790731354091235
