run,nch,ch,ndriven,dur,n,n_damp,dt_calib,dt_damp,dt_fault,gmax,gmax_damp,gmed_damp,clip_pct
20260803_155449_fast_lock.csv,4,0,1,72.7945,11256,4143,0.0027999999999934744,0.013700000000000045,0.00280000000000058,0.035,0.035,-0.03,2.185501066098081
20260803_155449_fast_lock.csv,4,1,1,72.7945,11256,4143,0.0027999999999934744,0.013700000000000045,0.00280000000000058,0.0,0.0,0.0,0.0
20260803_155449_fast_lock.csv,4,2,1,72.7945,11256,4143,0.0027999999999934744,0.013700000000000045,0.00280000000000058,0.0,0.0,0.0,8.502132196162048
20260803_155449_fast_lock.csv,4,3,1,72.7945,11256,4143,0.0027999999999934744,0.013700000000000045,0.00280000000000058,0.0,0.0,0.0,0.0
20260803_155718_fast_lock.csv,4,0,1,39.4578,13423,152,0.0027999999999996916,0.013600000000000279,0.00280000000000058,0.03145,0.0314,-0.017435,0.24584668106980553
20260803_155718_fast_lock.csv,4,1,1,39.4578,13423,152,0.0027999999999996916,0.013600000000000279,0.00280000000000058,0.0,0.0,0.0,0.0
20260803_155718_fast_lock.csv,4,2,1,39.4578,13423,152,0.0027999999999996916,0.013600000000000279,0.00280000000000058,0.0,0.0,0.0,2.525515905535275
20260803_155718_fast_lock.csv,4,3,1,39.4578,13423,152,0.0027999999999996916,0.013600000000000279,0.00280000000000058,0.0,0.0,0.0,0.0
20260803_155916_fast_lock.csv,4,0,1,117.9648,24479,4710,0.0027999999999996916,0.013700000000000045,0.0027999999999934744,0.035,0.035,-0.03,10.396666530495526
20260803_155916_fast_lock.csv,4,1,1,117.9648,24479,4710,0.0027999999999996916,0.013700000000000045,0.0027999999999934744,0.0,0.0,0.0,0.01225540258997508
20260803_155916_fast_lock.csv,4,2,1,117.9648,24479,4710,0.0027999999999996916,0.013700000000000045,0.0027999999999934744,0.0,0.0,0.0,12.349360676498224
20260803_155916_fast_lock.csv,4,3,1,117.9648,24479,4710,0.0027999999999996916,0.013700000000000045,0.0027999999999934744,0.0,0.0,0.0,0.16340536786633442
20260803_160302_fast_lock.csv,4,0,1,147.9596,16704,9675,0.0027999999999996916,0.013700000000000045,nan,0.035,0.035,-0.03,0.0
20260803_160302_fast_lock.csv,4,1,1,147.9596,16704,9675,0.0027999999999996916,0.013700000000000045,nan,0.0,0.0,0.0,0.0
20260803_160302_fast_lock.csv,4,2,1,147.9596,16704,9675,0.0027999999999996916,0.013700000000000045,nan,0.0,0.0,0.0,0.0
20260803_160302_fast_lock.csv,4,3,1,147.9596,16704,9675,0.0027999999999996916,0.013700000000000045,nan,0.0,0.0,0.0,0.0
20260803_171100_fast_lock.csv,4,0,4,38.7158,7511,487,0.0027999999999996916,0.04370000000000118,nan,0.035,0.035,-0.03,0.0
20260803_171100_fast_lock.csv,4,1,4,38.7158,7511,487,0.0027999999999996916,0.04370000000000118,nan,0.035,0.035,-0.03,0.0
20260803_171100_fast_lock.csv,4,2,4,38.7158,7511,487,0.0027999999999996916,0.04370000000000118,nan,0.012,0.012,0.01,1.1849287711356677
20260803_171100_fast_lock.csv,4,3,4,38.7158,7511,487,0.0027999999999996916,0.04370000000000118,nan,0.035,0.035,-0.03,0.0
20260803_171159_fast_lock.csv,4,0,4,54.208,7777,890,0.0027999999999999137,0.04140000000000299,nan,0.035,0.035,-0.03,3.844670181303845
20260803_171159_fast_lock.csv,4,1,4,54.208,7777,890,0.0027999999999999137,0.04140000000000299,nan,0.035,0.035,-0.03,0.0
20260803_171159_fast_lock.csv,4,2,4,54.208,7777,890,0.0027999999999999137,0.04140000000000299,nan,0.012,0.012,0.01,9.682396811109681
20260803_171159_fast_lock.csv,4,3,4,54.208,7777,890,0.0027999999999999137,0.04140000000000299,nan,0.03405,0.03405,-0.03,0.0
20260803_171315_fast_lock.csv,4,0,4,87.9036,16652,1105,0.00280000000000058,0.041499999999999204,0.00280000000000058,0.035,0.035,-0.03,6.107374489550805
20260803_171315_fast_lock.csv,4,1,4,87.9036,16652,1105,0.00280000000000058,0.041499999999999204,0.00280000000000058,0.035,0.035,-0.03,0.0
20260803_171315_fast_lock.csv,4,2,4,87.9036,16652,1105,0.00280000000000058,0.041499999999999204,0.00280000000000058,0.012,0.012,0.01,16.598606773961087
20260803_171315_fast_lock.csv,4,3,4,87.9036,16652,1105,0.00280000000000058,0.041499999999999204,0.00280000000000058,0.035,0.035,-0.03,0.0
20260803_171733_fast_lock.csv,4,0,4,182.6131,19419,3607,0.0028000000000000247,0.041400000000010095,0.00280000000000058,0.035,0.035,-0.03,0.010299191513466192
20260803_171733_fast_lock.csv,4,1,4,182.6131,19419,3607,0.0028000000000000247,0.041400000000010095,0.00280000000000058,0.035,0.035,-0.03,0.0
20260803_171733_fast_lock.csv,4,2,4,182.6131,19419,3607,0.0028000000000000247,0.041400000000010095,0.00280000000000058,0.012,0.012,0.01,0.5613059374839074
20260803_171733_fast_lock.csv,4,3,4,182.6131,19419,3607,0.0028000000000000247,0.041400000000010095,0.00280000000000058,0.035,0.035,-0.03,0.0
20260803_172308_fast_lock.csv,4,0,4,37.6978,7503,474,0.0027999999999996916,0.0359000000000016,nan,0.03447,0.03447,-0.03,0.0
20260803_172308_fast_lock.csv,4,1,4,37.6978,7503,474,0.0027999999999996916,0.0359000000000016,nan,0.0347,0.0347,-0.03,0.0
20260803_172308_fast_lock.csv,4,2,4,37.6978,7503,474,0.0027999999999996916,0.0359000000000016,nan,0.012,0.012,0.01,0.0
20260803_172308_fast_lock.csv,4,3,4,37.6978,7503,474,0.0027999999999996916,0.0359000000000016,nan,0.035,0.035,-0.03,0.0
20260804_110742_fast_lock.csv,4,0,0,0.6732,222,0,0.002799999999999969,nan,nan,0.0,0.0,0.0,0.0
20260804_110742_fast_lock.csv,4,1,0,0.6732,222,0,0.002799999999999969,nan,nan,0.0,0.0,0.0,0.45045045045045046
20260804_110742_fast_lock.csv,4,2,0,0.6732,222,0,0.002799999999999969,nan,nan,0.0,0.0,0.0,0.0
20260804_110742_fast_lock.csv,4,3,0,0.6732,222,0,0.002799999999999969,nan,nan,0.0,0.0,0.0,0.0
20260804_110825_fast_lock.csv,4,0,4,37.3547,7410,455,0.0027999999999996916,0.04139999999999944,nan,0.035,0.035,-0.03,0.0
20260804_110825_fast_lock.csv,4,1,4,37.3547,7410,455,0.0027999999999996916,0.04139999999999944,nan,0.035,0.035,-0.03,0.0
20260804_110825_fast_lock.csv,4,2,4,37.3547,7410,455,0.0027999999999996916,0.04139999999999944,nan,0.012,0.012,0.01,0.0
20260804_110825_fast_lock.csv,4,3,4,37.3547,7410,455,0.0027999999999996916,0.04139999999999944,nan,0.035,0.035,-0.03,0.0
20260804_110929_fast_lock.csv,4,0,4,33.5458,7364,349,0.0027999999999988034,0.04139999999999944,nan,0.035,0.035,-0.03,0.0
20260804_110929_fast_lock.csv,4,1,4,33.5458,7364,349,0.0027999999999988034,0.04139999999999944,nan,0.035,0.035,-0.03,0.0
20260804_110929_fast_lock.csv,4,2,4,33.5458,7364,349,0.0027999999999988034,0.04139999999999944,nan,0.012,0.012,0.01,2.091254752851711
20260804_110929_fast_lock.csv,4,3,4,33.5458,7364,349,0.0027999999999988034,0.04139999999999944,nan,0.035,0.035,-0.03,0.0
20260804_111021_fast_lock.csv,8,0,4,42.8396,12012,216,0.0027999999999996916,0.04400000000000048,0.00280000000000058,0.035,0.035,-0.03,2.13952713952714
20260804_111021_fast_lock.csv,8,1,4,42.8396,12012,216,0.0027999999999996916,0.04400000000000048,0.00280000000000058,0.03473,0.03473,-0.03,0.0
20260804_111021_fast_lock.csv,8,2,4,42.8396,12012,216,0.0027999999999996916,0.04400000000000048,0.00280000000000058,0.012,0.012,0.01,4.92007992007992
20260804_111021_fast_lock.csv,8,3,4,42.8396,12012,216,0.0027999999999996916,0.04400000000000048,0.00280000000000058,0.035,0.035,-0.03,0.0
20260804_111021_fast_lock.csv,8,4,4,42.8396,12012,216,0.0027999999999996916,0.04400000000000048,0.00280000000000058,0.0,0.0,0.0,0.0
20260804_111021_fast_lock.csv,8,5,4,42.8396,12012,216,0.0027999999999996916,0.04400000000000048,0.00280000000000058,0.0,0.0,0.0,0.0
20260804_111021_fast_lock.csv,8,6,4,42.8396,12012,216,0.0027999999999996916,0.04400000000000048,0.00280000000000058,0.0,0.0,0.0,0.0
20260804_111021_fast_lock.csv,8,7,4,42.8396,12012,216,0.0027999999999996916,0.04400000000000048,0.00280000000000058,0.0,0.0,0.0,10.947385947385948
20260804_111504_fast_lock.csv,4,0,1,87.7459,12089,5119,0.0027999999999996916,0.013700000000000045,nan,0.035,0.035,-0.03,0.0
20260804_111504_fast_lock.csv,4,1,1,87.7459,12089,5119,0.0027999999999996916,0.013700000000000045,nan,0.0,0.0,0.0,0.0
20260804_111504_fast_lock.csv,4,2,1,87.7459,12089,5119,0.0027999999999996916,0.013700000000000045,nan,0.0,0.0,0.0,0.0
20260804_111504_fast_lock.csv,4,3,1,87.7459,12089,5119,0.0027999999999996916,0.013700000000000045,nan,0.0,0.0,0.0,0.0
20260804_111807_fast_lock.csv,4,0,4,197.7572,27932,3366,0.0027999999999934744,0.041400000000010095,0.00280000000000058,0.035,0.035,-0.03,0.021480738937419447
20260804_111807_fast_lock.csv,4,1,4,197.7572,27932,3366,0.0027999999999934744,0.041400000000010095,0.00280000000000058,0.035,0.035,-0.03,0.0
20260804_111807_fast_lock.csv,4,2,4,197.7572,27932,3366,0.0027999999999934744,0.041400000000010095,0.00280000000000058,0.012,0.012,0.01,0.05728197049978519
20260804_111807_fast_lock.csv,4,3,4,197.7572,27932,3366,0.0027999999999934744,0.041400000000010095,0.00280000000000058,0.035,0.035,-0.03,0.0
20260804_112355_fast_lock.csv,4,0,4,197.7126,19629,3889,0.0027999999999988034,0.04370000000000118,0.0027999999999792635,0.035,0.035,-0.03,4.360894594732284
20260804_112355_fast_lock.csv,4,1,4,197.7126,19629,3889,0.0027999999999988034,0.04370000000000118,0.0027999999999792635,0.035,0.035,-0.03,0.005094503031229303
20260804_112355_fast_lock.csv,4,2,4,197.7126,19629,3889,0.0027999999999988034,0.04370000000000118,0.0027999999999792635,0.012,0.012,0.01,6.327372764786795
20260804_112355_fast_lock.csv,4,3,4,197.7126,19629,3889,0.0027999999999988034,0.04370000000000118,0.0027999999999792635,0.035,0.035,-0.03,0.005094503031229303
20260804_133605_fast_lock.csv,4,0,4,237.6912,28838,4182,0.0027999999999934744,0.04399999999999693,0.0027999999999934744,0.035,0.035,-0.03,1.4945557944378944
20260804_133605_fast_lock.csv,4,1,4,237.6912,28838,4182,0.0027999999999934744,0.04399999999999693,0.0027999999999934744,0.035,0.035,-0.03,0.0
20260804_133605_fast_lock.csv,4,2,4,237.6912,28838,4182,0.0027999999999934744,0.04399999999999693,0.0027999999999934744,0.012,0.012,0.01,1.3142381579859908
20260804_133605_fast_lock.csv,4,3,4,237.6912,28838,4182,0.0027999999999934744,0.04399999999999693,0.0027999999999934744,0.035,0.035,-0.03,0.0
20260804_134033_fast_lock.csv,4,0,4,237.6873,20669,4946,0.0027999999999934744,0.0438999999999794,0.0027999999999934744,0.035,0.035,-0.03,7.02017514151628
20260804_134033_fast_lock.csv,4,1,4,237.6873,20669,4946,0.0027999999999934744,0.0438999999999794,0.0027999999999934744,0.035,0.035,-0.03,0.10643959552953698
20260804_134033_fast_lock.csv,4,2,4,237.6873,20669,4946,0.0027999999999934744,0.0438999999999794,0.0027999999999934744,0.012,0.012,0.01,8.08457109681165
20260804_134033_fast_lock.csv,4,3,4,237.6873,20669,4946,0.0027999999999934744,0.0438999999999794,0.0027999999999934744,0.035,0.035,-0.03,0.3144806231554502
20260804_134707_fast_lock.csv,4,0,4,237.6993,28817,4342,0.0027999999999996916,0.04370000000000118,0.0027999999999934744,0.035,0.035,-0.03,8.016101606690496
20260804_134707_fast_lock.csv,4,1,4,237.6993,28817,4342,0.0027999999999996916,0.04370000000000118,0.0027999999999934744,0.035,0.035,-0.03,0.3192559947253358
20260804_134707_fast_lock.csv,4,2,4,237.6993,28817,4342,0.0027999999999996916,0.04370000000000118,0.0027999999999934744,0.012,0.012,0.01,9.758128882257001
20260804_134707_fast_lock.csv,4,3,4,237.6993,28817,4342,0.0027999999999996916,0.04370000000000118,0.0027999999999934744,0.035,0.035,-0.03,0.7877294652462088
20260804_135853_fast_lock.csv,4,0,4,237.7205,19008,5055,0.0027999999999996916,0.0438999999999794,0.0027999999999934744,0.035,0.035,-0.03,4.997895622895623
20260804_135853_fast_lock.csv,4,1,4,237.7205,19008,5055,0.0027999999999996916,0.0438999999999794,0.0027999999999934744,0.035,0.035,-0.03,0.33670033670033667
20260804_135853_fast_lock.csv,4,2,4,237.7205,19008,5055,0.0027999999999996916,0.0438999999999794,0.0027999999999934744,0.012,0.012,0.01,6.7392676767676765
20260804_135853_fast_lock.csv,4,3,4,237.7205,19008,5055,0.0027999999999996916,0.0438999999999794,0.0027999999999934744,0.035,0.035,-0.03,0.6050084175084175
20260804_140508_fast_lock.csv,8,0,8,147.5767,39251,547,0.0027999999999934744,0.0744999999999969,0.0027999999999934744,0.03192,0.03192,-0.02119,0.0
20260804_140508_fast_lock.csv,8,1,8,147.5767,39251,547,0.0027999999999934744,0.0744999999999969,0.0027999999999934744,0.03296,0.03296,-0.02119,0.0
20260804_140508_fast_lock.csv,8,2,8,147.5767,39251,547,0.0027999999999934744,0.0744999999999969,0.0027999999999934744,0.012,0.012,0.01,0.02802476370028789
20260804_140508_fast_lock.csv,8,3,8,147.5767,39251,547,0.0027999999999934744,0.0744999999999969,0.0027999999999934744,0.03326,0.03326,-0.02119,0.0
20260804_140508_fast_lock.csv,8,4,8,147.5767,39251,547,0.0027999999999934744,0.0744999999999969,0.0027999999999934744,0.018,0.018,-0.0153,0.0
20260804_140508_fast_lock.csv,8,5,8,147.5767,39251,547,0.0027999999999934744,0.0744999999999969,0.0027999999999934744,0.018,0.018,-0.01796,0.0
20260804_140508_fast_lock.csv,8,6,8,147.5767,39251,547,0.0027999999999934744,0.0744999999999969,0.0027999999999934744,0.018,0.018,-0.01516,0.9324603194823061
20260804_140508_fast_lock.csv,8,7,8,147.5767,39251,547,0.0027999999999934744,0.0744999999999969,0.0027999999999934744,0.018,0.018,-0.015,0.0
20260804_170145_fast_lock.csv,8,0,8,117.7363,30737,388,0.0027999999999934744,0.08539999999999637,0.00280000000000058,0.035,0.035,-0.03,3.3575169990565117
20260804_170145_fast_lock.csv,8,1,8,117.7363,30737,388,0.0027999999999934744,0.08539999999999637,0.00280000000000058,0.035,0.035,-0.03,0.003253407944822201
20260804_170145_fast_lock.csv,8,2,8,117.7363,30737,388,0.0027999999999934744,0.08539999999999637,0.00280000000000058,0.012,0.012,0.01,3.91710316556593
20260804_170145_fast_lock.csv,8,3,8,117.7363,30737,388,0.0027999999999934744,0.08539999999999637,0.00280000000000058,0.035,0.035,-0.03,0.0
20260804_170145_fast_lock.csv,8,4,8,117.7363,30737,388,0.0027999999999934744,0.08539999999999637,0.00280000000000058,0.018,0.018,-0.015,0.0
20260804_170145_fast_lock.csv,8,5,8,117.7363,30737,388,0.0027999999999934744,0.08539999999999637,0.00280000000000058,0.018,0.018,-0.018,0.0
20260804_170145_fast_lock.csv,8,6,8,117.7363,30737,388,0.0027999999999934744,0.08539999999999637,0.00280000000000058,0.018,0.018,-0.015,0.8849269609916388
20260804_170145_fast_lock.csv,8,7,8,117.7363,30737,388,0.0027999999999934744,0.08539999999999637,0.00280000000000058,0.018,0.018,-0.015725000000000003,0.0
