version,lambda_per_h,uptime_pct,uptime_sd_pct,fault_pct,calib_pct,mean_faults_24h,mean_recalibrations_24h,downtime_min_per_24h,closed_form_lo_pct,closed_form_hi_pct
v0,1.0,99.63,0.07,0.14,0.23,23.9,23.9,5.3,99.64,99.86
v0,2.0,99.27,0.11,0.28,0.45,47.7,47.7,10.5,99.28,99.72
v0,5.0,98.21,0.16,0.69,1.10,118.1,118.1,25.8,98.22,99.30
v0,10.0,96.49,0.23,1.35,2.15,231.6,231.6,50.5,96.50,98.62
v0,20.0,93.23,0.29,2.62,4.15,447.7,447.6,97.5,93.24,97.27
v0,50.0,84.65,0.41,5.94,9.42,1016.0,1015.9,221.1,84.66,93.45
v0,100.0,73.38,0.46,10.30,16.33,1762.5,1762.4,383.4,73.40,87.70
v4,1.0,99.28,0.14,0.14,0.58,23.9,23.9,10.3,99.31,99.86
v4,2.0,98.60,0.20,0.28,1.12,47.6,47.6,20.2,98.63,99.72
v4,5.0,96.61,0.30,0.68,2.71,116.2,116.1,48.8,96.64,99.30
v4,10.0,93.47,0.41,1.31,5.22,224.6,224.6,94.1,93.49,98.62
v4,20.0,87.77,0.52,2.46,9.77,421.0,420.9,176.0,87.78,97.27
v4,50.0,74.18,0.65,5.20,20.62,889.9,889.8,371.8,74.19,93.45
v4,100.0,58.98,0.66,8.26,32.76,1414.5,1414.4,590.7,58.97,87.70
v9,1.0,99.28,0.14,0.18,0.53,31.5,22.0,10.3,99.08,99.81
v9,2.0,98.67,0.18,0.37,0.96,62.9,40.7,19.2,98.18,99.63
v9,5.0,97.15,0.22,0.91,1.95,154.9,83.2,41.1,95.57,99.08
v9,10.0,95.24,0.25,1.78,2.99,304.1,128.0,68.6,91.54,98.17
v9,20.0,92.50,0.26,3.43,4.07,587.2,174.7,108.0,84.45,96.42
v9,50.0,86.72,0.29,7.96,5.33,1361.7,229.1,191.3,68.71,91.59
v9,100.0,79.30,0.36,14.28,6.42,2443.8,276.4,298.1,52.79,84.73
v12,1.0,99.21,0.16,0.24,0.54,41.8,22.5,11.3,98.80,99.76
v12,2.0,98.54,0.20,0.48,0.98,82.2,41.5,21.0,97.64,99.52
v12,5.0,96.84,0.26,1.16,2.00,199.8,85.6,45.5,94.34,98.81
v12,10.0,94.66,0.30,2.24,3.10,387.1,132.8,76.9,89.40,97.68
v12,20.0,91.47,0.31,4.24,4.29,730.9,184.3,122.8,81.20,95.57
v12,50.0,85.02,0.36,9.19,5.79,1585.3,249.2,215.8,64.93,90.24
v12,100.0,77.64,0.38,15.12,7.23,2608.1,311.5,321.9,50.71,83.70
v13,1.0,99.21,0.16,0.24,0.54,41.8,22.5,11.3,98.80,99.76
v13,2.0,98.54,0.20,0.48,0.98,82.2,41.5,21.0,97.64,99.52
v13,5.0,96.84,0.26,1.16,2.00,199.8,85.6,45.5,94.34,98.81
v13,10.0,94.66,0.30,2.24,3.10,387.1,132.8,76.9,89.40,97.68
v13,20.0,91.47,0.31,4.24,4.29,730.9,184.3,122.8,81.20,95.57
v13,50.0,85.02,0.36,9.19,5.79,1585.3,249.2,215.8,64.93,90.24
v13,100.0,77.64,0.38,15.12,7.23,2608.1,311.5,321.9,50.71,83.70
